id,rle_mask
575d24d81d,
a266a2a9df,5051 5151
75efad62c1,9 93 109 94 210 94 310 95 411 95 511 96 612 96 712 97 812 98 913 98 1015 97 1116 97 1216 98 1316 99 1416 8786
34e51dba6a,48 54 149 54 251 53 353 52 455 51 557 50 659 49 762 47 864 46 966 45 1068 44 1171 42 1273 41 1376 39 1478 38 1581 36 1683 35 1785 34 1888 32 1990 31 2092 30 2195 28 2297 27 2399 26 2501 25 2602 25 2704 24 2806 23 2907 23 3009 22 3110 22 3212 21 3313 21 3414 21 3516 20 3617 20 3718 20 3819 20 3921 19 4022 19 4123 19 4225 18 4326 18 4428 17 4529 17 4631 16 4733 15 4834 15 4936 14 5038 13 5140 12 5242 11 5344 8
4875705fb0,1111 1 1212 1 1313 1 1414 1 1514 2 1615 2 1716 2 1817 2 1918 2 2018 3 2119 3 2220 3 2321 3 2422 3 2523 3 2624 3 2725 3 2826 3 2927 3 3028 3 3129 3 3230 3 3331 3 3432 3 3533 3 3636 1 3737 1 3838 1 3938 2 4039 2 4140 2 4240 3 4341 3 4442 3 4542 4 4643 4 4744 4 4844 5 4945 5 5046 5 5146 6 5247 6 5347 7 5448 7 5549 7 5649 8 5750 8 5851 8 5952 8 6053 8 6154 8 6255 8 6355 9 6456 9 6557 9 6659 8 6760 8 6861 8 6962 8 7063 8 7164 8 7265 8 7367 7 7468 7 7569 7 7670 7 7772 6 7873 6 7974 6 8075 6 8177 5 8278 5 8379 5 8480 5 8582 4 8683 4 8784 4 8885 4 8986 4 9087 4 9188 4 9289 4 9389 5 9490 5 9591 5 9692 5 9792 6 9893 6 9993 7 10094 7 10194 8
782ae9b7e7,1 1815 1819 90 1920 81 2021 73 2122 64 2223 55 2324 46 2425 36 2526 25 2627 13 2728 1
9842f69f8d,
aa94cfb806,1 28 102 28 203 29 304 30 405 32 506 33 607 34 708 35 809 35 910 36 1011 37 1112 37 1213 38 1314 39 1415 40 1516 41 1617 42 1718 43 1819 45 1920 46 2021 47 2122 48 2223 49 2324 50 2425 51 2526 52 2627 53 2728 54 2829 54 2930 55 3031 55 3132 56 3233 57 3334 57 3435 58 3536 58 3637 59 3738 59 3839 60 3940 61 4041 61 4142 62 4243 62 4344 63 4445 63 4546 63 4647 64 4748 65 4849 66 4950 67 5051 67 5152 68 5253 68 5354 69 5455 70 5556 71 5657 71 5758 72 5859 73 5960 74 6061 74 6162 74 6263 75 6364 76 6465 76 6566 76 6667 77 6768 77 6869 78 6970 79 7071 80 7172 81 7273 82 7374 83 7475 84 7576 85 7677 86 7778 87 7879 88 7980 89 8081 90 8182 91 8283 91 8384 92 8485 93 8586 94 8687 94 8788 95 8889 96 8990 96 9091 97 9192 97 9293 98 9394 99 9495 99 9596 99 9697 100 9798 404
50d3073821,1 2121 9293 909
28f865caaa,
b5e1371b3b,75 27 175 28 275 29 374 31 474 32 574 33 674 34 773 36 874 36 974 37 1074 38 1174 39 1274 40 1375 40 1475 41 1575 42 1676 42 1776 43 1876 44 1976 45 2077 45 2177 46 2277 47 2377 48 2478 48 2578 49 2678 50 2779 50 2879 51 2979 52 3079 53 3178 55 3278 56 3378 57 3477 59 3577 60 3676 62 3775 64 3875 65 3974 67 4073 69 4173 70 4272 72 4372 73 4471 75 4571 76 4670 78 4770 79 4870 80 4969 82 5069 83 5169 84 5269 85 5369 86 5469 87 5569 88 5669 89 5769 90 5869 91 5969 92 6069 93 6169 94 6269 95 6369 96 6469 97 6568 99 6668 3534
57e394bc67,
b45ad3932e,49 11 149 11 249 11 351 10 452 9 553 9 654 8 754 9 854 9 955 9 1056 8 1157 7 1258 6 1359 5 1460 5 1561 4 1662 4 1763 3 1864 3 1966 2 2067 1 2167 2 3940 4 3990 2 4041 9 4092 3 4142 13 4182 16 4243 17 4275 25 4344 21 4367 35 4445 60 4546 62 4647 64 4748 66 4849 68 4950 70 5051 71 5152 72 5253 73 5354 73 5455 73 5556 73 5657 73 5758 73 5859 72 5962 67 6063 63 6165 58 6267 55 6370 51 6472 49 6574 48 6676 47 6778 47 6880 47 6982 45 7084 42 7185 40 7287 37 7388 35 7490 33 7592 32 7693 32 7794 31 7897 29 7998 29 8099 29 8201 28 8302 27 8402 28 8502 28 8602 28 8702 27 8802 25 8901 25 9001 25 9099 28 9195 33 9293 36 9394 36 9495 36 9596 36 9697 36 9798 36 9899 34 10000 32 10101 30
ef51bbcde7,
d4d34af4f7,8788 1414
302ea1ac81,6 96 108 95 210 94 311 94 413 93 515 92 615 93 716 93 818 92 920 91 1021 91 1123 90 1225 89 1327 88 1428 88 1530 87 1630 88 1731 88 1831 89 1932 89 2032 90 2132 91 2233 91 2333 92 2433 93 2534 93 2634 94 2735 94 2837 93 2939 92 3040 92 3142 91 3243 91 3344 91 3445 91 3546 91 3646 92 3747 91 3847 91 3947 90 4047 89 4147 88 4246 89 4345 90 4445 90 4546 89 4647 88 4748 86 4849 84 4950 81 5051 79 5152 76 5253 75 5354 73 5455 70 5556 65 5657 59 5758 54 5859 50 5960 48 6061 45 6162 43 6263 39 6371 28 6476 19 6583 5
40dcff68b3,3536 4 3637 20 3738 36 3839 53 3940 70 4041 86 4142 99 4243 5959
7845115d01,7677 2525
3da729cae9,1 54 102 54 203 53 304 53 405 53 506 53 607 53 708 52 809 51 910 48 1011 46 1112 43 1213 41 1314 38 1415 36 1516 33 1617 31 1718 30 1819 29 1920 28 2021 27 2122 27 2223 29 2324 29 2425 29 2526 27 2627 26 2728 26 2829 26 2930 24 3031 23 3132 22 3233 19 3334 17 3435 14 3536 12 3637 10 3738 7 3839 6 3940 4 4041 3 4142 1
d67e3a11d8,
b3396387a6,42 60 141 62 241 63 341 64 441 65 542 65 642 66 742 67 842 68 942 69 1042 70 1142 71 1243 71 1344 71 1446 70 1548 69 1649 69 1750 69 1852 68 1954 67 2056 66 2158 65 2260 64 2362 63 2464 62 2566 61 2669 59 2771 58 2873 57 2975 56 3077 55 3179 54 3280 54 3380 55 3480 56 3580 57 3681 57 3782 57 3883 57 3984 57 4085 57 4186 57 4287 57 4387 58 4489 57 4590 57 4691 57 4792 57 4894 56 4995 56 5096 56 5197 56 5299 55 5400 55 5501 55 5602 55 5704 54 5806 53 5907 53 6009 52 6111 51 6212 51 6313 51 6415 50 6516 50 6617 50 6717 51 6818 51 6919 51 7019 52 7119 53 7219 54 7319 55 7419 56 7520 56 7621 56 7722 56 7823 56 7924 56 8025 56 8126 56 8228 55 8329 55 8430 55 8531 55 8632 55 8734 51 8835 48 8937 44 9038 40 9140 36 9242 31 9344 26 9447 21 9549 16 9651 13 9753 9 9855 6 9957 3
a5471f53d8,9797 1 9891 8 9986 14 10081 20 10176 26
d27831fef2,93 9 195 8 296 8 397 8 498 8 599 8 701 7 802 7 903 7 1005 6 1106 6 1207 6 1308 6 1410 5 1511 5 1612 5 1713 5 1815 4 1916 4 2017 4 2118 4 2219 4 2320 4 2421 4 2522 4 2623 4 2723 5 2824 5 2924 6 3024 7 3124 8 3224 9 3323 11 3423 12 3523 13 3623 14 3723 15 3823 16 3924 16 4024 17 4125 17 4225 18 4325 19 4425 20 4525 21 4626 21 4725 23 4825 24 4925 25 5025 26 5126 26 5226 27 5326 28 5426 29 5527 29 5628 29 5728 30 5829 30 5930 30 6031 30 6132 30 6233 30 6334 30 6435 30 6535 31 6636 31 6737 31 6837 32 6938 32 7039 32 7139 33 7240 33 7340 34 7441 34 7542 34 7642 35 7743 35 7844 35 7944 36 8045 36 8146 36 8246 37 8347 37 8448 37 8548 38 8649 38 8749 39 8850 39 8950 40 9050 41 9151 41 9251 42 9352 42 9452 43 9552 44 9652 45 9753 45 9853 46 9953 47 10053 48 10154 48
7faea04242,1 6865 6869 92 6970 86 7071 81 7172 76 7273 71 7374 65 7475 59 7576 54 7677 48 7778 44 7879 39 7980 34 8081 28 8182 22 8283 15
9747413253,
b9614348f4,1 3434 3439 97 3544 93 3647 91 3749 90 3853 87 3955 86 4062 80 4168 75 4271 73 4374 71 4477 69 4580 67 4685 63 4787 62 4891 59 4992 59 5094 58 5196 57 5300 54 5406 49 5511 45 5616 41 5717 41 5824 35 5928 32 6030 31 6132 30 6240 23 6342 22 6450 15 6556 9
4696bb53e6,23 79 127 76 228 76 335 70 439 67 543 64 650 58 754 55 864 46 968 43 1072 40 1179 34 1283 31 1390 25 1494 22 1601 16 1705 13 1809 10 1916 4 5959 1 6054 7 6152 10 6250 13 6348 16 6446 19 6547 19 6645 22 6743 25 6844 25 6942 28 7040 31 7141 31 7239 34 7340 34 7438 37 7539 37 7640 37 7741 37 7842 37 7940 40 8041 40 8145 37 8246 37 8347 37 8448 37 8549 37 8647 40 8748 40 8852 37 8953 37 9054 37 9155 37 9253 40 9354 40 9455 40 9556 40 9657 40 9758 40 9856 43 9957 43 10058 43 10159 43
fc250f574c,3435 1 3536 1 3637 2 3738 2 3839 3 3940 3 4041 3 4142 3 4243 3 4344 3 4445 3 4546 4 4647 5 4748 5 4849 6 4950 7 5051 7 5152 8 5253 9 5354 9 5455 10 5556 10 5657 11 5758 11 5859 12 5960 12 6061 13 6162 13 6263 14 6364 14 6465 15 6566 16 6667 16 6768 17 6869 17 6970 18 7071 19 7172 19 7273 19 7374 20 7475 20 7576 20 7677 21 7778 21 7879 21 7980 21 8081 21 8182 21 8283 22 8384 22 8485 22 8586 22 8687 22 8788 23 8896 16 9005 8
005b452274,
02117a400e,4041 1 4142 4 4243 7 4344 10 4445 13 4546 15 4647 17 4748 19 4849 21 4950 23 5051 25 5152 26 5253 27 5354 28 5455 29 5556 30 5657 32 5758 32 5859 33 5960 34 6061 35 6162 36 6263 36 6364 37 6465 38 6566 38 6667 39 6768 39 6869 40 6970 41 7071 41 7172 42 7273 43 7374 43 7475 44 7576 45 7677 46 7778 47 7879 47 7980 48 8081 49 8182 50 8283 51 8384 51 8485 52 8586 53 8687 53 8788 54 8889 55 8990 56 9091 56 9192 57 9293 58 9394 58 9495 59 9596 60 9697 60 9798 60 9899 61 10000 61 10101 61
4e4cadf03f,
1ee0d5b4d0,1412 3 1511 5 1605 12 1704 14 1804 15 1904 16 1999 22 2098 24 2199 24 2297 27 2390 35 2489 37 2587 40 2687 41 2787 42 2887 43 2983 48 3079 53 3179 54 3274 60 3374 61 3473 63 3573 64 3667 71 3767 72 3864 76 3963 78 4061 81 4161 82 4252 92 4352 93 4450 96 4551 96 4652 96 4753 96 4854 96 4953 98 5052 403 5456 706 6163 100 6264 100 6365 100 6466 100 6567 403 6973 98 7075 97 7177 96 7278 96 7380 95 7481 95 7582 95 7683 95 7783 96 7884 96 7984 97 8082 100 8183 100 8285 99 8386 99 8488 98 8589 98 8691 97 8794 95 8896 94 9002 89 9104 88 9207 86 9312 82 9415 80 9517 79 9621 76 9725 73 9827 72 9930 70 10032 69 10134 68
fdc28cafdc,6869 1 7172 1 7273 2 7374 5 7475 6 7576 7 7677 7 7778 8 7879 8 7980 8 8081 8 8182 8 8283 9 8384 10 8485 11 8586 15 8687 19 8788 22 8889 25 8990 28 9091 32 9192 35 9293 38 9394 42 9495 47 9596 51 9697 55 9798 60 9899 63 10000 66 10101 70
2bc8a3db3c,68 34 168 35 268 36 369 36 470 36 570 37 671 37 771 38 871 39 971 40 1071 41 1172 41 1272 42 1372 43 1472 44 1573 44 1673 45 1774 45 1874 46 1975 46 2076 46 2177 46 2279 45 2380 45 2482 44 2584 43 2686 42 2788 41 2891 39 2992 39 3093 39 3194 39 3296 38 3397 38 3498 38 3600 37 3701 37 3803 36 3904 36 4006 35 4107 35 4209 34 4310 34 4412 33 4513 33 4615 32 4717 31 4818 31 4920 30 5022 29 5123 29 5225 28 5327 27 5428 27 5530 26 5632 25 5733 25 5835 24 5937 23 6038 23 6140 22 6241 22 6343 21 6444 21 6546 20 6647 20 6749 19 6850 19 6952 18 7053 18 7155 17 7256 17 7358 16 7459 16 7561 15 7662 15 7764 14 7865 14 7967 13 8068 13 8170 12 8271 12 8373 11 8474 11 8575 11 8677 10 8778 10 8880 9 8981 9 9082 9 9183 9 9285 8 9386 8 9487 8 9588 8 9690 7 9791 7 9892 7 9994 6 10095 6 10197 5
35fd991255,1 505 511 96 613 95 718 91 820 90 923 88 1026 86 1129 84 1231 83 1333 82 1435 81 1538 79 1641 77 1746 73 1848 72 1951 70 2054 68 2157 66 2260 64 2362 63 2465 61 2568 59 2669 59 2770 59 2873 57 2974 57 3076 56 3178 55 3280 54 3382 53 3483 53 3585 52 3687 51 3788 51 3890 50 3991 50 4094 48 4195 48 4296 48 4396 49 4497 49 4603 44 4705 43 4807 42 4908 42 5009 42 5109 43 5208 45 5309 45 5410 45 5511 45 5613 44 5714 44 5815 44 5916 44 6017 44 6119 43 6220 43 6321 43 6422 43 6523 43 6624 43 6724 44 6825 44 6925 45 7026 45 7126 46 7226 47 7327 47 7428 47 7528 48 7628 49 7729 49 7830 49 7930 50 8031 50 8132 50 8233 50 8334 50 8435 50 8536 50 8637 50 8738 50 8840 49 8941 49 9041 50 9142 50 9242 51 9342 52 9444 51 9545 51 9646 51 9747 51 9848 51 9948 52 10049 52 10150 52
68a2df3195,1 1919 1921 100 2023 99 2126 97 2228 96 2330 95 2433 93 2536 91 2639 89 2741 88 2844 86 2948 83 3051 81 3154 79 3257 77 3360 75 3463 73 3567 70 3670 68 3773 66 3876 64 3979 62 4082 60 4185 58 4289 55 4392 53 4495 51 4598 49 4702 46 4805 44 4908 42 5011 40 5114 38 5217 36 5321 33 5424 31 5527 29 5630 27 5733 25 5836 23 5938 22 6041 20 6144 18 6247 16 6350 14 6453 12 6556 10 6659 8 6762 6 6865 4 6968 2
3be0c0be8e,
1f0b16aa13,
9bf982cf65,1 85 102 86 203 87 304 88 405 89 506 90 607 91 708 91 809 92 910 93 1011 94 1112 94 1213 95 1314 96 1415 96 1516 97 1617 97 1718 98 1819 98 1920 99 2021 99 2122 100 2223 100 2324 4140 6465 100 6566 100 6667 100 6768 100 6869 100 6970 100 7071 100 7172 100 7273 100 7374 100 7475 100 7576 99 7677 99 7778 99 7879 98 7980 98 8081 97 8182 97 8283 96 8384 96 8485 95 8586 94 8687 93 8788 93 8889 92 8990 91 9091 90 9192 89 9293 89 9394 88 9495 88 9596 87 9697 87 9798 86 9899 86 10000 85 10101 85
36aa21019e,173 8 271 21 369 36 466 40 562 45 657 51 751 58 842 68 933 78 1022 5443 6466 100 6573 94 6677 91 6782 87 6887 83 6993 78 7097 75 7201 72 7305 69 7408 67 7512 64 7615 62 7719 59 7822 57 7925 55 8027 54 8129 53 8231 52 8332 52 8434 51 8535 51 8637 50 8738 50 8839 50 8940 50 9042 49 9143 49 9245 48 9346 48 9447 48 9548 48 9649 48 9750 48 9851 48 9952 48 10054 47 10155 47
d422a9eb8f,
e0b6a1211f,
5e3c2aa2bb,
d3f3db7bd1,
0b176124c4,8788 3 8889 6 8990 10 9091 14 9192 18 9293 22 9394 26 9432 7 9495 54 9596 60 9697 64 9798 67 9899 67 10000 65 10101 63
368f635c4c,
eabe9337a9,1 6868 6870 100 6972 99 7075 97 7177 96 7279 95 7381 94 7482 94 7584 93 7685 93 7787 92 7888 92 7989 92 8091 91 8193 90 8295 89 8397 88 8500 86 8602 85 8705 83 8807 82 8910 80 9012 79 9114 78 9216 77 9318 76 9420 75 9522 74 9624 73 9727 71 9829 70 9932 68 10034 67 10138 64
c4f2799234,9045 46 9111 1091
50290e75f9,1 44 102 40 203 37 304 34 405 32 506 29 607 25 708 21 809 17 910 13 1011 12 1112 10 1213 8 1314 5 1415 4 1516 3 1617 1
06289f69f8,1 3230 3233 97 3334 95 3435 92 3536 90 3637 88 3738 86 3839 83 3940 81 4041 69 4142 67 4243 64 4344 61 4445 59 4546 57 4647 54 4748 51 4849 48 4950 46 5051 43 5152 40 5253 37 5354 34 5455 31 5556 28 5657 26 5758 24 5859 22 5960 20 6061 18 6162 16 6263 15 6364 14 6465 12 6566 11 6667 10 6768 9 6869 9 6970 8 7071 7 7172 7 7273 6 7374 6 7475 5 7576 5 7677 4 7778 4 7879 3 7980 3 8081 2 8182 2 8283 1
3f8634704b,
f328eccbf3,1 32 102 31 203 29 304 28 405 27 506 26 607 25 708 24 809 23 910 22 1011 21 1112 20 1213 20 1314 19 1415 18 1516 18 1617 17 1718 16 1819 15 1920 14 2021 13 2122 12 2223 10 2324 8 2425 7 2526 5 2627 3 2728 1
9f0ebbd210,1 1717 1720 99 1822 98 1925 96 2027 95 2129 94 2232 92 2334 91 2436 90 2539 88 2641 87 2743 86 2845 85 2947 84 3049 83 3151 82 3252 82 3354 81 3456 80 3558 79 3659 79 3761 78 3862 78 3964 77 4065 77 4166 77 4268 76 4369 76 4471 75 4572 75 4674 74 4775 74 4877 73 4978 73 5080 72 5181 72 5283 71 5385 70 5486 70 5588 69 5690 68 5792 67 5893 67 5995 66 6097 65 6198 65 6300 64 6402 63 6504 62 6605 62 6707 61 6809 60 6911 59 7013 58 7115 57 7217 56 7319 55 7421 54 7523 53 7625 52 7728 50 7830 49 7932 48 8034 47 8137 45 8239 44 8342 42 8444 41 8547 39 8650 37 8752 36 8855 34 8957 33 9060 31 9162 30 9265 28 9368 26 9470 25 9573 23 9676 21 9778 20 9881 18 9984 16 10086 15 10189 13
dd5a90cf89,505 1 600 7 695 13 790 19 885 25 983 28 1078 34 1176 37 1274 40 1372 43 1473 43 1571 46 1669 49 1767 52 1865 55 1963 58 2061 61 2162 61 2263 61 2361 64 2462 64 2563 64 2664 64 2765 64 2863 67 2964 67 3065 67 3166 67 3267 67 3368 67 3469 67 3570 67 3671 67 3772 67 3873 67 3974 67 4075 67 4176 67 4277 67 4378 67 4479 67 4580 67 4681 67 4782 67 4883 67 4984 67 5085 67 5186 67 5287 67 5388 67 5492 64 5593 64 5694 64 5795 64 5896 64 5997 64 6101 61 6202 61 6303 61 6404 61 6505 61 6606 61 6707 61 6808 61 6909 61 7010 61 7111 61 7215 58 7316 58 7417 58 7518 58 7619 58 7720 58 7821 58 7922 58 8023 58 8124 58 8225 58 8326 58 8427 58 8528 58 8629 58 8730 58 8831 58 8932 58 9033 58 9134 58 9232 61 9333 61 9434 61 9532 64 9633 64 9734 64 9835 64 9936 64 10040 61 10141 61
5b836d2444,7374 1 7475 2 7576 3 7677 4 7778 5 7879 5 7980 6 8081 7 8182 7 8283 8 8384 8 8485 9 8586 10 8687 10 8788 10 8889 10 8990 10 9091 10 9192 10 9293 10 9394 10 9495 10 9596 10 9697 10 9798 9 9899 9 10000 9 10101 8
6c3a9009c8,
1263576548,1119 3 1218 20 1319 34 1421 60 1522 70 1623 85 1724 95 1827 93 1930 91 2031 91 2132 91 2229 95 2329 96 2429 97 2528 99 2631 97 2736 93 2838 92 2940 91 3043 89 3146 87 3247 87 3349 86 3450 86 3551 86 3652 86 3754 85 3856 84 3959 82 4061 81 4163 80 4267 77 4370 75 4473 73 4575 72 4682 66 4785 64 4887 63 4989 62 5091 61 5193 60 5294 60 5396 59 5497 59 5598 59 5699 59 5799 60 5899 61 5999 62 6099 63 6199 64 6300 64 6400 65 6502 64 6603 64 6704 64 6805 64 6901 69 7001 70 7101 71 7202 71 7302 72 7400 75 7490 86 7587 90 7684 2518
5edb37f5a8,
3f8a8f4715,7980 1 8081 2 8182 3 8283 4 8384 5 8485 6 8586 8 8687 9 8788 10 8889 12 8990 13 9091 14 9192 16 9293 17 9394 19 9495 20 9596 21 9697 23 9798 24 9899 25 10000 27 10101 28
75e041fbd8,32 70 132 71 232 72 332 73 432 74 532 75 632 76 732 77 832 78 932 79 1033 79 1133 80 1233 81 1334 81 1434 82 1535 82 1635 83 1736 83 1836 84 1936 85 2036 86 2136 87 2236 88 2336 89 2436 90 2536 91 2636 92 2737 92 2837 93 2938 93 3038 94 3138 95 3238 96 3338 97 3438 98 3538 6664
58777a8c79,4272 14 4372 20 4472 27 4572 32 4672 38 4773 41 4874 45 4974 48 5075 51 5176 53 5277 54 5378 56 5479 57 5543 10 5579 60 5640 16 5680 78 5781 78 5882 78 5983 78 6083 79 6184 79 6285 79 6386 79 6486 80 6587 80 6688 80 6788 81 6889 81 6990 81 7090 82 7190 83 7290 84 7391 84 7491 85 7591 86 7691 87 7791 88 7891 89 7992 89 8092 90 8193 90 8293 91 8394 91 8495 91 8595 92 8696 92 8797 92 8898 92 8999 92 9100 92 9201 92 9302 92 9403 92 9504 92 9605 92 9706 92 9808 91 9909 91 10011 90 10112 90
b2899a1188,
428a877104,
13209940d7,24 78 124 79 224 80 326 79 428 78 531 76 634 74 736 73 838 72 941 70 1043 69 1145 68 1246 68 1348 67 1449 67 1548 69 1648 70 1746 73 1845 75 1946 75 2047 75 2149 74 2251 73 2351 74 2452 74 2552 75 2653 75 2754 75 2854 76 2954 77 3053 79 3153 80 3253 81 3355 80 3459 77 3562 75 3667 71 3773 66 3879 61 3985 56 4092 50 4194 49 4296 48 4395 50 4495 51 4596 51 4696 52 4796 53 4895 55 4996 55 5096 56 5197 56 5298 56 5400 55 5503 53 5606 51 5709 49 5810 49 5911 49 6013 48 6116 46 6218 45 6320 44 6422 43 6524 42 6625 42 6727 41 6828 41 6929 41 7030 41 7131 41 7233 40 7334 40 7434 41 7533 43 7633 44 7733 45 7834 45 7935 45 8036 45 8135 47 8236 47 8338 46 8442 43 8557 29 8684 3
d0319f0ec5,1 6589 6592 98 6695 95 6798 92 6901 90 7004 87 7107 85 7211 81 7314 78 7417 58 7476 16 7520 56 7623 54 7726 52 7829 50 7932 48 8035 46 8139 43 8242 41 8344 40 8447 38 8550 36 8652 35 8754 34 8856 33 8958 32 9060 31 9162 30 9264 29 9366 28 9468 27 9570 26 9672 25 9774 24 9875 24 9977 23 10079 22 10181 21
b92ff69b44,
9e9f3940a9,8977 2 9080 2 9182 2 9284 1
728890d8f8,8384 2 8485 5 8586 7 8687 10 8788 13 8889 15 8990 18 9091 21 9192 23 9293 24 9394 24 9495 25 9596 26 9697 27 9798 27 9899 28 10000 29 10101 30
754cfc4b80,
127ef4105f,13 89 115 88 217 87 319 86 420 86 522 85 623 85 724 85 825 85 926 85 1027 85 1128 85 1228 86 1329 86 1430 86 1531 86 1631 87 1732 87 1833 87 1934 87 2035 87 2136 87 2238 86 2339 86 2440 86 2542 85 2643 85 2745 84 2847 83 2949 82 3052 80 3154 79 3256 78 3359 76 3461 75 3563 74 3666 72 3768 71 3870 70 3972 69 4074 68 4176 67 4279 65 4381 64 4483 63 4585 62 4687 61 4789 60 4891 59 4994 57 5096 56 5198 55 5300 54 5402 53 5503 53 5605 52 5707 51 5809 50 5911 49 6012 49 6114 48 6216 47 6317 47 6418 47 6519 47 6620 47 6721 47 6821 48 6922 48 7022 49 7122 50 7223 50 7323 51 7423 52 7523 53 7623 54 7723 55 7823 56 7923 57 8023 58 8124 58 8224 59 8324 60 8424 61 8525 61 8625 62 8725 63 8825 64 8925 65 9025 66 9125 67 9225 68 9324 70 9424 71 9525 71 9625 72 9725 73 9825 74 9925 75 10026 75 10126 76
42758bb41a,5409 1 5510 4 5610 7 5711 9 5812 11 5912 14 6013 17 6114 19 6215 22 6316 24 6418 26 6519 28 6621 30 6722 32 6824 33 6926 35 7028 37 7129 40 7231 42 7333 41 7435 40 7536 40 7638 39 7739 39 7841 38 7942 38 8043 38 8144 38 8245 38 8347 37 8448 37 8549 37 8650 37 8751 37 8852 37 8954 36 9055 36 9157 35 9258 35 9360 34 9461 34 9563 33 9664 33 9765 33 9867 32 9968 32 10070 31 10171 31
4e6855dbae,1 6767 6769 100 6872 98 6975 96 7078 94 7181 92 7284 90 7387 88 7490 86 7593 84 7696 82 7799 80 7901 79 8004 77 8107 75 8209 74 8312 72 8414 71 8517 69 8619 68 8721 67 8823 66 8925 65 9027 64 9130 62 9232 61 9334 60 9436 59 9537 59 9639 58 9741 57 9842 57 9943 57 10044 57 10145 57
4a12baccc4,
3281bb7282,3334 5 3435 13 3536 24 3637 35 3738 44 3839 52 3940 60 4041 66 4142 72 4243 76 4344 79 4445 81 4546 82 4647 84 4748 85 4849 86 4950 87 5051 87 5152 88 5253 89 5354 91 5455 94 5556 97 5657 100 5758 4444
f1774ff8e8,1 6867 6869 100 6970 99 7071 99 7172 98 7273 98 7374 97 7475 97 7576 97 7677 96 7778 96 7879 96 7980 95 8081 95 8182 95 8283 94 8384 94 8485 94 8586 94 8687 94 8788 94 8889 93 8990 94 9091 94 9192 94 9293 94 9394 94 9495 94 9596 95 9697 95 9798 95 9899 95 10000 95 10101 95
628ea36ba6,
95a60e2f42,9065 8 9163 15 9262 20 9361 25 9460 30 9559 35 9657 39 9755 43 9852 47 9948 52 10043 58 10138 64
e2421eee13,4445 3 4546 9 4647 15 4748 22 4849 29 4950 35 5051 39 5152 41 5253 43 5354 44 5455 46 5556 49 5657 51 5758 54 5859 55 5960 57 6061 59 6162 60 6263 62 6364 63 6465 64 6566 65 6667 66 6768 67 6869 68 6970 70 7071 72 7172 73 7273 75 7374 77 7475 78 7576 79 7677 79 7778 80 7879 81 7980 82 8081 83 8182 84 8283 85 8384 86 8485 87 8586 89 8687 90 8788 92 8889 93 8990 95 9091 95 9192 96 9293 97 9394 98 9495 100 9596 100 9697 505
fcb49356a5,
63feb8de2b,
992572448c,79 23 179 24 279 25 380 25 480 26 581 26 681 27 782 27 883 27 983 28 1084 28 1185 28 1286 28 1387 28 1489 27 1590 27 1691 27 1793 26 1894 26 1996 25 2097 25 2199 24 2300 24 2402 23 2504 22 2605 22 2707 21 2809 20 2910 20 3012 19 3114 18 3215 18 3317 17 3419 16 3520 16 3622 15 3724 14 3825 14 3927 13 4028 13 4129 13 4231 12 4332 12 4433 12 4534 12 4635 12 4736 12 4837 12 4938 12 5039 12 5141 11 5242 11 5343 11 5444 11 5545 11 5647 10 5748 10 5849 10 5950 10 6052 9 6153 9 6254 9 6355 9 6457 8 6558 8 6659 8 6760 8 6861 8 6962 8 7064 7 7165 7 7266 7 7367 7 7468 7 7569 7 7670 7 7771 7 7872 7 7973 7 8074 7 8175 7 8276 7 8378 6 8479 6 8580 6 8681 6 8782 6 8883 6 8985 5 9086 5 9187 5 9289 4 9390 4 9491 4 9592 4 9694 3 9795 3 9896 3 9997 3 10098 3 10200 2
0926b7396b,
8f407b64ae,
e667f4d290,
7deaf30c4a,4344 5858
28553d5d42,4946 4 5047 4 5148 4 5249 4 5351 3 5452 3 5552 4 5651 6 5751 7 5850 9 5951 9 6051 10 6152 10 6252 11 6353 11 6452 13 6552 14 6652 15 6752 16 6852 17 6952 18 7052 19 7153 19 7254 19 7355 19 7456 19 7558 18 7659 18 7761 17 7864 15 7965 15 8070 11 8173 9 8276 7 8379 5 8483 2
be565e046b,
b183b2ddc4,35 67 136 67 238 66 339 66 441 65 543 64 644 64 745 64 847 63 948 63 1049 63 1151 62 1253 61 1354 61 1455 61 1556 61 1657 61 1757 62 1858 62 1960 61 2061 61 2163 60 2265 59 2368 57 2470 56 2572 55 2676 52 2779 50 2883 47 2987 44 3091 41 3196 37 3304 30 3414 21 3525 11 3636 1
cf11876547,
495a2d3c7c,1 8170 8177 91 8283 82 8384 79 8485 75 8586 73 8687 70 8788 68 8889 66 8990 65 9091 64 9192 63 9293 62 9394 61 9495 61 9596 60 9697 60 9798 59 9900 58 10001 58 10102 57
a536f382ec,
8fb68e99e8,
a8247ac73a,
9f3b8d0186,67 35 168 35 269 35 370 35 471 35 572 35 673 35 774 35 875 35 976 35 1077 35 1178 35 1280 34 1382 33 1483 33 1585 32 1686 32 1787 32 1888 32 1990 31 2091 31 2192 31 2293 31 2394 31 2495 31 2597 30 2698 30 2799 30 2900 30 3001 30 3102 30 3203 30 3305 29 3406 29 3508 28 3610 27 3711 27 3813 26 3914 26 4016 25 4117 25 4218 25 4320 24 4421 24 4524 22 4625 22 4727 21 4828 21 4929 21 5030 21 5131 21 5232 21 5332 22 5433 22 5534 22 5636 21 5738 20 5840 19 5942 18 6043 18 6144 18 6245 18 6346 18 6447 18 6547 19 6648 19 6749 19 6851 18 6952 18 7054 17 7155 17 7256 17 7357 17 7459 16 7560 16 7661 16 7762 16 7863 16 7965 15 8066 15 8166 16 8267 16 8367 17 8468 17 8568 18 8669 18 8770 18 8871 18 8972 18 9073 18 9174 18 9275 18 9376 18 9477 18 9577 19 9678 19 9778 20 9878 21 9979 21 10080 21 10181 21
05be75afd9,6465 2 6566 3 6667 6 6768 6 6869 7 6970 7 7071 8 7172 8 7273 9 7374 9 7475 10 7576 10 7677 11 7778 11 7879 11 7980 12 8081 13 8182 14 8283 14 8384 15 8485 17 8586 18 8687 18 8788 18 8889 17 8990 16 9091 14 9192 13 9293 12 9394 10 9495 9 9596 5
e4159ed1de,8988 2 9088 3 9187 5 9287 6 9388 6 9489 6 9590 6 9692 5 9794 4 9896 3 9998 2 10099 2 10201 1
3ed6d1c7df,1 77 102 75 203 73 304 71 405 69 506 67 607 65 708 63 809 62 910 60 1011 59 1112 58 1213 57 1314 55 1415 54 1516 53 1617 51 1718 50 1819 48 1920 47 2021 45 2127 38 2232 32 2336 27 2439 23 2543 18 2646 15 2749 11 2852 7 2954 4
7977cbab6f,
b221ece24b,1 39 102 39 203 40 304 41 405 41 506 43 607 45 708 46 809 48 910 49 1011 50 1112 51 1213 51 1314 51 1415 51 1516 51 1617 50 1718 51 1819 51 1920 51 2021 52 2122 53 2223 55 2324 56 2425 58 2526 59 2627 61 2728 62 2829 63 2930 64 3031 64 3132 64 3233 65 3334 64 3435 64 3536 64 3637 63 3738 63 3839 63 3940 63 4041 64 4142 65 4243 66 4344 68 4445 69 4546 71 4647 73 4748 75 4849 78 4950 80 5051 82 5152 84 5253 86 5354 88 5455 90 5556 92 5657 96 5758 99 5859 4343
29d8bf3a4c,
400e66f34e,42 13 143 13 245 12 347 11 448 12 550 11 651 11 752 11 854 10 955 10 1056 10 1157 10 1259 9 1360 9 1461 9 1563 8 1664 8 1765 8 1866 8 1968 7 2069 7 2170 7 2271 6 2373 5 2474 4 6714 3 6816 4 6917 6 7018 8 7119 9 7220 10 7322 10 7423 10 7524 10 7626 10 7727 10 7829 9 7930 10 8032 9 8133 10 8235 10 8336 10 8437 11 8538 12 8639 12 8740 12 8841 13 8943 12 9044 12 9146 12 9247 13 9349 12 9450 13 9552 12 9653 13 9754 13 9856 13 9957 13 10058 13 10159 13
4b522e501e,29 73 130 73 234 70 335 70 436 70 534 73 635 73 736 73 837 73 938 73 1039 73 1137 76 1238 76 1339 76 1440 76 1538 79 1639 79 1740 79 1841 79 1942 79 2043 79 2144 79 2245 79 2346 79 2447 79 2551 76 2652 76 2753 76 2854 76 2952 79 3056 76 3157 76 3258 76 3359 76 3460 76 3561 76 3662 76 3763 76 3864 76 3965 76 4066 76 4167 76 4268 76 4369 76 4470 76 4571 76 4672 76 4773 76 4874 76 4975 76 5076 76 5177 76 5278 76 5379 76 5480 76 5581 76 5682 76 5783 76 5881 79 5982 79 6083 79 6184 79 6285 79 6386 79 6487 79 6588 79 6689 79 6790 79 6891 79 6989 82 7090 82 7191 82 7292 82 7393 82 7494 82 7595 82 7696 82 7797 82 7898 82 7999 82 8100 82 8201 82 8302 82 8403 82 8504 82 8605 82 8706 82 8807 82 8908 82 9009 82 9110 82 9211 82 9315 79 9416 79 9517 79 9618 79 9716 82 9817 82 9918 82 10019 82 10120 82
7fadb8efe8,1 47 102 47 203 47 304 47 405 47 506 47 607 47 708 47 809 47 910 48 1011 48 1112 48 1213 48 1314 49 1415 49 1516 49 1617 49 1718 49 1819 49 1920 48 2021 48 2122 48 2223 47 2324 47 2425 47 2526 47 2627 47 2728 47 2829 47 2930 48 3031 48 3132 49 3233 50 3334 51 3435 51 3536 52 3637 53 3738 53 3839 54 3940 54 4041 54 4142 54 4243 55 4344 55 4445 55 4546 56 4647 56 4748 56 4849 56 4950 57 5051 57 5152 57 5253 58 5354 58 5455 58 5556 59 5657 59 5758 60 5859 60 5960 61 6061 61 6162 62 6263 62 6364 62 6465 63 6566 63 6667 64 6768 64 6869 64 6970 65 7071 65 7172 65 7273 65 7374 65 7475 65 7576 65 7677 66 7778 66 7879 66 7980 67 8081 67 8182 67 8283 68 8384 68 8485 68 8586 69 8687 69 8788 69 8889 70 8990 70 9091 70 9192 71 9293 71 9394 71 9495 72 9596 72 9697 72 9798 72 9899 73 10000 73 10101 73
702209f0b3,
1d93614392,1716 2 1812 7 1908 12 2005 16 2103 19 2200 23 2299 25 2398 27 2498 28 2597 30 2698 30 2798 31 2898 32 2997 34 3095 37 3194 39 3293 41 3391 44 3488 48 3584 53 3680 58 3776 63 3873 67 3965 76 4064 78 4162 81 4260 84 4359 86 4459 87 4560 87 4661 87 4761 88 4861 89 4961 90 5061 91 5161 92 5262 92 5365 90 5472 84 5573 84 5676 82 5778 81 5881 79 5984 77 6087 75 6189 74 6291 73 6393 72 6496 70 6598 69 6701 67 6803 66 6906 64 7009 62 7112 60 7204 69 7308 66 7409 66 7518 58 7619 58 7721 57 7823 56 7925 55 8027 54 8129 53 8232 51 8334 50 8436 49 8537 49 8639 48 8740 48 8842 47 8943 47 9044 47 9145 47 9246 47 9347 47 9448 47 9548 48 9647 50 9745 53 9843 56 9942 58 10040 61 10139 63
fd1be18f7d,1 69 102 69 203 69 304 68 405 68 506 68 607 68 708 67 809 67 910 66 1011 65 1112 65 1213 64 1314 63 1415 62 1516 62 1617 61 1718 60 1819 59 1920 59 2021 58 2122 57 2223 57 2324 56 2425 55 2526 55 2627 54 2728 54 2829 53 2930 52 3031 51 3132 51 3233 50 3334 49 3435 48 3536 47 3637 46 3738 45 3839 44 3940 43 4041 42 4142 41 4243 40 4344 39 4445 38 4546 37 4647 36 4748 35 4849 34 4950 33 5051 32 5152 31 5253 29 5354 28 5455 27 5556 26 5657 25 5758 23 5859 22 5960 21 6061 20 6162 20 6263 19 6364 18 6465 17 6566 17 6667 16 6768 16 6869 15 6970 14 7071 14 7172 13 7273 13 7374 12 7475 12 7576 12 7677 11 7778 11 7879 11 7980 11 8081 11 8182 11 8283 11 8384 11 8485 11 8586 12 8687 12 8788 13 8889 13 8990 14 9091 14 9192 15 9293 15 9394 15 9495 16 9596 16 9697 16 9798 16 9899 17 10000 17 10101 17
670d9655d5,1 72 102 72 203 72 304 73 405 73 506 74 607 74 708 74 809 75 910 75 1011 75 1112 75 1213 75 1314 75 1415 76 1516 76 1617 76 1718 76 1819 75 1920 76 2021 76 2122 76 2223 76 2324 76 2425 76 2526 76 2627 76 2728 77 2829 77 2930 77 3031 77 3132 78 3233 78 3334 78 3435 78 3536 78 3637 79 3738 79 3839 79 3940 79 4041 79 4142 79 4243 79 4344 79 4445 79 4546 79 4647 78 4748 78 4849 78 4950 78 5051 78 5152 78 5253 77 5354 77 5455 77 5556 77 5657 77 5758 77 5859 77 5960 76 6061 76 6162 76 6263 76 6364 76 6465 76 6566 75 6667 75 6768 75 6869 76 6970 76 7071 76 7172 77 7273 77 7374 78 7475 79 7576 79 7677 80 7778 81 7879 81 7980 82 8081 83 8182 83 8283 83 8384 84 8485 84 8586 85 8687 85 8788 85 8889 86 8990 86 9091 86 9192 86 9293 87 9394 87 9495 87 9596 87 9697 87 9798 87 9899 87 10000 87 10101 87
c72b546073,1 1010 1013 99 1117 96 1221 93 1325 90 1429 87 1533 84 1636 82 1739 80 1843 77 1947 74 2051 71 2155 68 2259 65 2364 61 2469 57 2573 54 2678 50 2782 47 2887 43 2991 40 3096 36 3201 32 3306 28 3411 24 3515 21 3620 17 3724 14 3828 11 3932 8 4035 6 4138 4 4241 2
6a1783be17,68 34 168 35 267 37 365 40 464 42 565 42 665 43 766 43 868 42 969 42 1071 41 1172 41 1273 41 1373 42 1472 44 1571 46 1670 48 1769 50 1869 51 1969 52 2070 52 2171 52 2272 52 2375 50 2477 49 2581 46 2684 44 2788 41 2900 30 3016 15
b4f6d6f1aa,1 6161 6174 89 6287 77 6395 70 6502 64 6608 59 6714 54 6819 50 6926 44 7033 38 7142 30 7251 22 7359 15 7468 7
b525824dfc,1718 8484
e353ae4dd5,8283 1 8384 1 8485 2 8586 2 8687 3 8788 3 8889 4 8990 4 9091 4 9192 4 9293 4 9394 4 9495 4 9596 4 9697 4 9798 4 9899 5 10000 5 10101 5
9ca84742ef,5753 5 5849 10 5944 16 6040 21 6136 26 6232 31 6329 35 6425 40 6522 44 6620 47 6716 52 6813 56 6910 60 7008 63 7105 67 7202 71 7299 75 7397 78 7494 82 7592 85 7689 89 7787 92 7885 95 7984 97 8082 2120
f057258486,
393048bc6c,
684555a30a,
cae1a9f23f,1 18 102 16 203 14 304 13 405 11 506 9 607 7 708 5 809 3
525be73de5,
5c7f310937,1 74 102 76 203 77 304 78 405 80 506 81 607 82 708 83 809 84 910 86 1011 87 1112 88 1213 89 1314 91 1415 92 1516 93 1617 94 1718 96 1819 97 1920 98 2021 100 2122 8080
edf47afe46,
a05ae39815,
97515a958d,
0898e36ee6,
89a74723fd,
9a48617407,
d26e890704,1 403 405 98 506 97 607 96 708 95 809 95 910 94 1011 93 1112 93 1213 92 1314 92 1415 91 1516 91 1617 90 1718 90 1819 90 1920 89 2021 89 2122 89 2223 89 2324 88 2425 88 2526 88 2627 88 2728 87 2829 87 2930 87 3031 86 3132 86 3233 86 3334 85 3435 85 3536 85 3637 84 3738 84 3839 83 3940 83 4041 82 4142 82 4243 81 4344 81 4445 80 4546 80 4647 79 4748 79 4849 79 4950 78 5051 78 5152 77 5253 77 5354 77 5455 76 5556 76 5657 76 5758 76 5859 76 5960 76 6061 75 6162 75 6263 75 6364 75 6465 75 6566 75 6667 75 6768 75 6869 75 6970 74 7071 74 7172 74 7273 74 7374 73 7475 73 7576 73 7677 73 7778 72 7879 72 7980 72 8081 72 8182 71 8283 71 8384 71 8485 71 8586 71 8687 71 8788 71 8889 71 8990 71 9091 70 9192 70 9293 70 9394 70 9495 69 9596 69 9697 68 9798 67 9899 67 10000 66 10101 65
1cad8c327b,
db548fd037,
cd1b2e49f4,1919 1 2019 2 2118 4 2218 5 2317 7 2417 8 2517 9 2617 10 2716 12 2817 12 2917 12 3017 12 3116 13 3214 14 3313 15 3412 16 3511 17 3611 5 3617 11 3710 2 3716 12 3815 12 3915 12 4014 13 4113 14 4213 14 4312 15 4412 15 4512 16 4611 17 4711 18 4811 18 4910 20 5010 20 5110 20 5209 22 5309 22 5409 22 5510 21 5610 21 5711 20 5812 19 5912 19 6013 17 6114 16 6214 15 6315 13 6416 11 6517 8 6617 7 6718 4
1e4c96a9cd,
f712d8b870,5555 1 5654 3 5753 5 5852 7 5952 8 6053 8 6154 8 6254 9 6355 9 6456 9 6557 9 6658 9 6759 9 6860 9 6961 9 7064 7 7166 6 7268 5 7370 4 7472 3 7574 2
47aba1e35c,30 72 133 70 235 69 337 68 439 67 542 65 644 64 746 63 848 62 951 60 1053 59 1155 58 1258 56 1360 55 1463 53 1565 52 1667 51 1770 49 1872 48 1975 46 2077 45 2179 44 2281 43 2383 42 2485 41 2587 40 2689 39 2790 39 2892 38 2994 37 3096 36 3197 36 3299 35 3400 35 3502 34 3603 34 3704 34 3806 33 3907 33 4008 33 4110 32 4211 32 4312 32 4414 31 4515 31 4617 30 4719 29 4820 29 4922 28 5024 27 5126 26 5228 25 5330 24 5433 22 5535 21 5637 20 5739 19 5841 18 5943 17 6045 16 6147 15 6249 14 6351 13 6453 12 6555 11 6656 11 6758 10 6860 9 6961 9 7063 8 7165 7 7266 7 7367 7 7469 6 7570 6 7671 6 7772 6 7873 6 7974 6 8075 6 8176 6 8277 6 8378 6 8479 6 8580 6 8681 6 8782 6 8883 6 8985 5 9086 5 9187 5 9288 5 9389 5 9490 5 9591 5 9693 4 9794 4 9895 4 9996 4 10097 4 10199 3
51e82eaa5b,
535503063e,1 1811 1819 88 1920 82 2021 77 2122 73 2223 69 2324 65 2425 62 2526 58 2627 55 2728 52 2829 49 2930 46 3031 43 3132 39 3233 36 3334 33 3435 30 3536 27 3637 25 3738 22 3839 19 3940 16 4041 12 4142 9 4243 6 4344 3
1ab49f29e9,
8320911258,1 36 102 38 203 40 304 42 405 44 506 46 607 48 708 49 809 51 910 52 1011 54 1112 55 1213 57 1314 59 1415 62 1516 64 1617 67 1718 69 1819 71 1920 74 2021 76 2122 78 2223 81 2324 83 2425 85 2526 86 2627 88 2728 89 2829 91 2930 92 3031 94 3132 95 3233 97 3334 98 3435 100 3536 6262 9799 100 9901 99 10003 98 10105 97
99909324ed,
87d58438cc,
9d462381b0,
ab18a0a7fa,1 2222 2224 100 2326 99 2427 99 2529 98 2631 97 2732 97 2834 96 2936 95 3038 94 3139 94 3241 93 3343 92 3444 92 3546 91 3648 90 3749 90 3851 89 3953 88 4054 88 4156 87 4258 86 4360 85 4462 84 4563 84 4665 83 4767 82 4868 82 4970 81 5072 80 5173 80 5275 79 5376 79 5477 79 5579 78 5680 78 5782 77 5883 77 5984 77 6086 76 6187 76 6289 75 6390 75 6492 74 6593 74 6695 73 6796 73 6898 72 6999 72 7101 71 7202 71 7304 70 7405 70 7507 69 7608 69 7710 68 7811 68 7913 67 8014 67 8116 66 8217 66 8319 65 8420 65 8521 65 8623 64 8724 64 8826 63 8927 63 9028 63 9130 62 9231 62 9333 61 9434 61 9535 61 9636 61 9738 60 9839 60 9940 60 10042 59 10143 59
40a571cf0f,41 61 141 62 241 63 341 64 441 65 541 66 641 67 741 68 841 69 941 70 1041 71 1141 72 1241 73 1341 74 1440 76 1540 77 1639 79 1739 80 1839 81 1938 83 2038 84 2138 85 2238 86 2338 87 2437 89 2537 90 2637 91 2737 92 2837 93 2937 94 3037 95 3137 96 3236 98 3336 99 3436 6766
a076699b79,5455 9 5556 18 5657 28 5758 37 5856 51 5947 73 6034 4168
f45dbe6541,79 23 181 22 284 20 386 19 490 16 594 13 698 10 800 9 902 8 1005 6 1107 5 1209 4 1311 3 1413 2 1514 2 1614 3 1714 4 1813 6 1912 8 2011 10 2109 13 2208 15 2307 17 2406 19 2505 21 2604 23 2702 26 2800 29 2897 33 2996 35 3097 35 3198 35 3298 36 3399 36 3500 36 3601 36 3703 35 3804 35 3905 35 4006 35 4106 36 4206 37 4306 38 4406 39 4506 40 4606 41 4706 42 4807 42 4907 43 5007 44 5107 45 5207 46 5307 47 5407 48 5507 49 5607 50 5707 51 5807 52 5907 53 6007 54 6107 55 6207 56 6307 57 6407 58 6507 59 6607 60 6707 61 6807 62 6907 63 7007 64 7106 66 7206 67 7307 67 7407 68 7508 68 7608 69 7709 69 7810 69 7911 69 8013 68 8114 68 8216 67 8319 65 8421 64 8524 62 8627 60 8730 58 8838 51 8955 35 9079 12
a9e940dccd,
3de0c773e1,1 808 811 99 914 97 1017 95 1120 93 1223 91 1326 89 1429 87 1531 86 1634 84 1737 82 1839 81 1942 79 2044 78 2147 76 2249 75 2351 74 2454 72 2556 71 2659 69 2762 67 2864 66 2967 64 3070 62 3173 60 3275 59 3378 57 3480 56 3582 55 3684 54 3786 53 3888 52 3990 51 4092 50 4194 49 4296 48 4397 48 4499 47 4601 46 4703 45 4804 45 4906 44 5008 43 5109 43 5211 42 5312 42 5414 41 5515 41 5617 40 5719 39 5821 38 5922 38 6026 35 6128 34 6230 33 6331 33 6433 32 6535 31 6637 30 6739 29 6841 28 6944 26 7046 25 7148 24 7250 23 7352 22 7454 21 7555 21 7656 21 7757 21 7858 21 7959 21 8061 20 8163 19 8266 17 8368 16 8471 14 8573 13 8675 12 8777 11 8878 11 8979 11 9081 10 9182 10 9283 10 9384 10 9486 9 9587 9 9687 10 9788 10 9889 10 9991 9 10092 9 10193 9
9fbd3ca3b5,
340fe814a3,1 4444 4452 94 4565 82 4675 73 4785 64 4910 40
f65a52f375,
e6674212ce,
e030bdae65,1 23 102 24 203 24 304 24 405 24 506 23 607 23 708 24 809 24 910 25 1011 27 1112 28 1213 29 1314 30 1415 30 1516 30 1617 31 1718 31 1819 31 1920 31 2021 31 2122 32 2223 32 2324 32 2425 34 2526 34 2627 35 2728 36 2829 37 2930 38 3031 38 3132 38 3233 37 3334 37 3435 37 3536 38 3637 39 3738 39 3839 40 3940 40 4041 40 4142 39 4243 38 4344 37 4445 36 4546 34 4647 33 4748 31 4849 31 4950 30 5051 29 5152 29 5253 28 5354 28 5455 28 5556 28 5657 27 5758 27 5859 27 5960 26 6061 26 6162 25 6263 24 6364 24 6465 24 6566 24 6667 23 6768 23 6869 23 6970 22 7071 22 7172 21 7273 21 7374 21 7475 21 7576 21 7677 22 7778 22 7879 23 7980 23 8081 23 8182 23 8283 23 8384 23 8485 23 8586 23 8687 22 8788 22 8889 22 8990 21 9091 21 9192 21 9293 21 9394 20 9495 20 9596 20 9697 20 9798 21 9899 21 10000 21 10101 21
da082ec985,1 9999 10001 100 10102 100
737e6513c8,9392 2 9492 3 9591 5 9690 7 9790 8 9890 9 9989 11 10089 12 10189 13
ef29bdffc6,
7e9e46174c,35 67 136 67 237 67 338 67 439 67 543 64 644 64 745 64 846 64 947 64 1048 64 1149 64 1250 64 1351 64 1452 64 1553 64 1651 67 1752 67 1853 67 1957 64 2058 64 2159 64 2260 64 2358 67 2459 67 2560 67 2661 67 2759 70 2860 70 2961 70 3062 70 3160 73 3261 73 3362 73 3463 73 3564 73 3665 73 3766 73 3870 70 3974 67 4081 61 4185 58 4286 58 4390 55 4494 52 4598 49 4699 49 4800 49 4904 46 5005 46 5106 46 5207 46 5311 43 5412 43 5513 43 5617 40 5718 40 5819 40 5920 40 6021 40 6122 40 6223 40 6330 34 6431 34 6532 34 6636 31 6737 31 6838 31 6942 28 7043 28 7141 31 7242 31 7343 31 7447 28 7548 28 7649 28 7747 31 7848 31 7949 31 8047 34 8148 34 8249 34 8347 37 8448 37 8546 40 8647 40 8748 40 8849 40 8950 40 9051 40 9152 40 9250 43 9345 49 9440 55 9538 58 9639 58 9740 58 9844 55 9945 55 10046 55 10150 52
a774562f5e,
e92f67b3c7,16 86 115 88 214 90 312 93 411 95 509 98 608 1614 2223 99 2324 97 2425 95 2526 93 2627 91 2728 89 2829 87 2930 85 3031 82 3132 80 3233 78 3334 75 3435 72 3536 69 3637 66 3738 63 3839 61 3940 59 4041 57 4142 55 4243 54 4344 52 4445 50 4546 47 4647 44 4748 45 4849 47 4950 31 5051 26 5152 21 5255 14
b506085af9,1 6464 6471 95 6581 86 6688 80 6792 77 6896 74 7003 68 7110 62 7223 50 7336 38 7446 29 7559 17 7666 11 7770 8 7877 2
948d73d7c2,
ef654c1b73,
cddb50fb4b,5648 8 5743 15 5840 19 5938 22 6035 26 6132 30 6229 34 6328 36 6426 39 6524 42 6621 46 6719 49 6818 51 6919 51 7018 53 7118 54 7217 56 7317 57 7417 58 7517 59 7616 61 7716 62 7816 63 7916 64 8016 65 8116 66 8216 67 8317 67 8417 68 8518 68 8619 68 8719 69 8819 70 8920 70 9021 70 9122 70 9223 70 9323 71 9423 72 9524 72 9625 72 9725 73 9825 74 9926 74 10026 75 10126 76
2a070f3dc6,1 7878 7882 98 7986 95 8090 92 8194 89 8298 86 8401 84 8503 83 8605 82 8707 81 8809 80 8910 80 9012 79 9113 79 9214 79 9316 78 9418 77 9521 75 9623 74 9726 72 9828 71 9930 70 10031 70 10130 72
40d01e18a0,
62966dffd3,
54dd074cd7,3637 1 3738 2 3839 2 3940 3 4041 4 4142 5 4243 6 4344 7 4445 8 4546 9 4647 10 4748 11 4849 12 4950 13 5051 14 5152 15 5253 16 5354 17 5455 17 5556 18 5657 19 5758 20 5859 21 5960 22 6061 22 6162 23 6263 24 6364 24 6465 25 6566 25 6667 26 6768 26 6869 26 6970 27 7071 27 7172 27 7273 28 7374 28 7475 28 7576 29 7677 29 7778 29 7879 30 7980 30 8081 31 8182 33 8283 35 8384 37 8485 39 8586 40 8687 41 8788 42 8889 43 8990 44 9091 45 9192 45 9293 45 9394 46 9495 46 9596 46 9697 46 9798 47 9899 47 10000 47 10101 47
75d70e2411,
eab589e1f2,
9dcb043fa9,4644 3 4737 11 4831 18 4926 24 5021 30 5118 34 5214 39 5310 44 5404 60 5497 77 5589 472 6062 100 6165 98 6268 96 6372 93 6476 90 6580 87 6684 84 6787 82 6891 79 6994 77 7098 74 7202 71 7307 67 7411 64 7515 61 7618 59 7719 59 7820 59 7920 60 8020 61 8119 63 8219 64 8320 64 8421 64 8523 63 8624 63 8725 63 8826 63 8927 63 9027 64 9127 65 9227 66 9327 67 9426 69 9525 71 9623 74 9721 77 9819 80 9917 83 10015 86 10113 89
2f5377ea9d,4 98 105 98 206 98 310 95 411 95 512 95 613 95 714 95 818 92 919 92 1020 92 1121 92 1222 92 1323 92 1421 95 1522 95 1623 95 1727 92 1828 92 1929 92 2030 92 2131 92 2235 89 2336 89 2437 89 2541 86 2642 86 2743 86 2847 83 2948 83 3049 83 3153 80 3254 80 3358 77 3459 77 3560 77 3664 74 3765 74 3866 74 3964 77 4065 77 4163 80 4264 80 4365 80 4466 80 4564 83 4668 80 4769 80 4870 80 4971 80 5072 80 5173 80 5271 83 5372 83 5473 83 5574 83 5675 83 5776 83 5880 80 5984 77 6088 74 6198 65 6305 59 6412 53 6516 50 6623 44 6730 38 6837 32 6944 26 7051 20 7155 17 7259 14 7363 11 7464 11 7565 11 7669 8 7770 8 7871 8 7975 5 8079 2 9190 2 9288 5 9386 8 9487 8 9588 8 9686 11 9787 11 9888 11 9989 11 10090 11 10191 11
db32e0961b,1 9 102 9 203 9 304 9 405 9 506 9 607 9 708 9 809 9 910 9 1011 9 1112 9 1213 9 1314 9 1415 9 1516 9 1617 8 1718 8 1819 8 1920 7 2021 7 2122 6 2223 6 2324 5 2425 5 2526 4 2627 4 2728 3 2829 3 2930 2 3031 2 3132 1 3233 1 3334 1 3435 1 3536 1 3637 1 3738 1 3839 1 3940 1 4041 2 4142 2 4243 2 4344 2 4445 2 4546 3 4647 3 4748 3 4849 4 4950 4 5051 4 5152 4 5253 5 5354 5 5455 5 5556 5 5657 5 5758 5 5859 5 5960 5 6061 5 6162 5 6263 5 6364 4 6465 4 6566 4 6667 3 6768 3 6869 2 6970 2 7071 2 7172 1 7273 1
3634f29aac,71 31 175 28 279 25 386 19 493 13 600 7 4242 1 4334 10 4426 19 4524 22 4619 28 4717 31 4815 34 4916 34 5014 37 5115 37 5213 40 5314 40 5412 43 5513 43 5614 43 5712 46 5813 46 5914 46 6015 46 6116 46 6217 46 6318 46 6419 46 6520 46 6621 46 6722 46 6823 46 6924 46 7025 46 7126 46 7230 43 7331 43 7432 43 7533 43 7634 43 7735 43 7839 40 7940 40 8041 40 8142 40 8243 40 8344 40 8445 40 8546 40 8647 40 8751 37 8852 37 8953 37 9054 37 9158 34 9259 34 9360 34 9461 34 9562 34 9663 34 9764 34 9865 34 9966 34 10067 34 10168 34
c2e9f328e3,1 7978 7980 98 8081 97 8182 96 8283 95 8384 95 8485 94 8586 93 8687 91 8788 89 8889 87 8990 84 9091 82 9192 77 9293 71 9394 65 9495 61 9596 58 9697 55 9798 53 9899 49 10000 43 10101 35
676d100540,
a21afccc50,
7d8b219e1c,1 101 103 100 207 97 311 94 415 91 519 88 620 88 724 85 828 82 929 82 1033 79 1134 79 1238 76 1339 76 1443 73 1544 73 1648 70 1749 70 1850 70 1951 70 2052 70 2153 70 2254 70 2355 70 2456 70 2557 70 2658 70 2759 70 2860 70 2961 70 3062 70 3163 70 3264 70 3365 70 3466 70 3567 70 3668 70 3769 70 3870 70 3971 70 4069 73 4170 73 4268 76 4369 76 4470 76 4571 76 4669 79 4770 79 4871 79 4975 76 5076 76 5180 73 5284 70 5385 70 5489 67 5590 67 5691 67 5795 64 5896 64 5997 64 6101 61 6202 61 6306 58 6407 58 6511 55 6612 55 6713 55 6817 52 6918 52 7022 49 7126 46 8427 58 8525 61 8623 64 8721 67 8816 73 8911 79 9009 82 9104 88 9202 91 9300 94 9395 807
057eae4f34,3 82 104 81 205 80 306 80 407 80 508 79 609 79 709 80 810 80 911 79 1012 79 1112 80 1213 80 1314 79 1415 79 1516 79 1617 78 1718 77 1819 79 1920 80 2021 81 2122 81 2223 81 2324 80 2425 80 2526 79 2627 79 2728 78 2829 78 2930 78 3031 78 3132 77 3233 77 3334 76 3435 76 3536 76 3637 76 3738 76 3839 75 3940 75 4041 75 4142 74 4243 74 4344 74 4445 74 4546 74 4647 74 4748 73 4849 73 4950 73 5051 73 5152 72 5253 72 5354 72 5455 72 5556 72 5657 71 5758 70 5859 70 5960 70 6061 70 6162 70 6263 70 6364 69 6465 69 6566 68 6667 68 6768 67 6869 67 6970 66 7071 66 7172 66 7273 66 7374 65 7475 65 7576 65 7677 65 7778 64 7879 64 7980 63 8081 63 8182 63 8283 61 8384 60 8485 60 8586 59 8687 60 8788 60 8889 60 8990 59 9091 59 9192 58 9293 58 9394 58 9495 58 9596 57 9697 57 9798 57 9899 57 10000 56 10101 56
3116a9d54c,
1c02222ef8,1 46 102 46 203 46 304 45 405 45 506 45 607 45 708 44 809 44 910 44 1011 43 1112 43 1213 42 1314 42 1415 42 1516 41 1617 41 1718 40 1819 40 1920 40 2021 39 2122 39 2223 39 2324 38 2425 38 2526 38 2627 37 2728 37 2829 37 2930 37 3031 36 3132 36 3233 36 3334 35 3435 35 3536 35 3637 35 3738 34 3839 34 3940 34 4041 34 4142 33 4243 33 4344 33 4445 33 4546 32 4647 32 4748 32 4849 32 4950 31 5051 31 5152 31 5253 31 5354 30 5455 30 5556 30 5657 29 5758 29 5859 29 5960 29 6061 28 6162 28 6263 28 6364 27 6465 27 6566 27 6667 26 6768 26 6869 26 6970 25 7071 25 7172 24 7273 24 7374 24 7475 23 7576 23 7677 23 7778 22 7879 22 7980 22 8081 22 8182 21 8283 21 8384 21 8485 20 8586 20 8687 20 8788 20 8889 19 8990 19 9091 19 9192 19 9293 18 9394 18 9495 18 9596 18 9697 18 9798 17 9899 17 10000 17 10101 17
24a8ae9bb9,1 9897 9899 100 10000 100 10101 99
132e30cffd,13 34 113 36 214 36 316 35 417 36 518 36 619 36 721 36 822 36 924 35 1025 35 1127 34 1228 34 1329 35 1431 34 1532 35 1633 35 1734 36 1835 36 1936 37 2037 37 2137 38 2238 37 2339 37 2440 37 2541 37 2642 37 2743 37 2843 38 2944 37 3045 36 3146 35 3247 34 3347 34 3448 33 3549 32 3650 31 3751 30 3851 25 3952 20 4052 19 4152 18 4253 17 4353 17 4452 18 4552 18 4652 18 4752 18 4852 18 4952 19 5052 19 5152 19 5253 18 5354 17 5455 17 5556 16 5657 15 5758 13 5859 13 5960 12 6061 11 6162 10 6263 9 6364 7 6465 5 6566 4 6667 2 6768 1
dca83468d2,1 707 711 98 815 95 919 92 1020 92 1124 89 1228 86 1332 83 1436 80 1540 77 1647 71 1754 65 1861 59 1965 56 2072 50 2176 47 2277 47 2381 44 2482 44 2583 44 2687 41 2788 41 2892 38 2993 38 3094 38 3198 35 3299 35 3403 32 3507 29 3608 29 3709 29 3813 26 3914 26 4018 23 4119 23 4223 20 4324 20 4425 20 4529 17 4630 17 4734 14 4835 14 4936 14 5040 11 5141 11 5245 8 5346 8 5447 8 5551 5 5652 5 5756 2 5857 2
6c91546a57,
5d752d6d4a,
836eedd4a7,
36e68393b6,87 15 187 16 288 16 388 17 489 17 589 18 690 18 790 19 890 20 991 20 1091 21 1192 21 1292 22 1393 22 1493 23 1593 24 1694 24 1794 25 1895 25 1995 26 2095 27 2196 27 2296 28 2397 28 2497 29 2598 29 2699 29 2799 30 2900 30 3001 30 3101 31 3202 31 3303 31 3404 31 3505 31 3606 31 3708 30 3809 30 3910 30 4012 29 4113 29 4215 28 4316 28 4418 27 4519 27 4621 26 4722 26 4824 25 4926 24 5027 24 5129 23 5230 23 5332 22 5433 22 5534 22 5636 21 5737 21 5838 21 5939 21 6040 21 6141 21 6242 21 6343 21 6444 21 6545 21 6646 21 6747 21 6847 22 6948 22 7049 22 7150 22 7251 22 7352 22 7453 22 7554 22 7655 22 7756 22 7857 22 7958 22 8059 22 8160 22 8261 22 8362 22 8462 23 8563 23 8664 23 8765 23 8815 9 8866 23 8913 11 8967 23 9010 15 9067 24 9109 16 9168 24 9208 18 9269 24 9309 18 9370 24 9410 17 9470 25 9512 16 9571 25 9613 16 9672 25 9715 15 9772 26 9816 15 9873 26 9917 15 9974 26 10018 15 10074 27 10120 15 10175 27
697f80cece,
53dab98a36,1 808 810 100 912 99 1014 98 1116 97 1218 96 1319 96 1421 95 1523 94 1626 92 1729 90 1831 89 1934 87 2037 85 2139 84 2241 83 2343 82 2445 81 2547 80 2648 80 2750 79 2851 79 2953 78 3054 78 3156 77 3258 76 3359 76 3461 75 3562 75 3664 74 3765 74 3867 73 3968 73 4069 73 4171 72 4272 72 4374 71 4475 71 4577 70 4678 70 4780 69 4881 69 4983 68 5084 68 5186 67 5287 67 5388 67 5489 67 5591 66 5692 66 5794 65 5896 64 5999 62 6101 61 6203 60 6306 58 6408 57 6510 56 6612 55 6714 54 6816 53 6917 53 7019 52 7121 51 7223 50 7325 48 7428 45 7530 43 7632 40 7734 38 7836 35 7938 33 8039 31 8141 28 8243 25 8345 22 8446 20 8548 18 8650 15 8751 13 8852 12 8954 10 9054 11 9155 10 9256 9 9356 10 9456 10 9557 10 9657 10 9757 11 9857 11 9958 11 10058 11 10158 11
287aea3a3b,
34d2af0f86,
d3b6c08868,
b80db32c01,
62d6a9b673,
96f8fd0d4b,
045c5516a2,23 73 124 72 224 71 325 69 425 68 526 66 627 64 727 63 828 61 929 60 1030 58 1130 58 1231 56 1332 55 1433 54 1533 54 1634 52 1734 52 1835 51 1936 50 2036 50 2137 49 2238 48 2339 47 2440 46 2540 46 2641 45 2742 44 2843 43 2944 43 3045 42 3145 42 3246 41 3347 40 3447 41 3547 41 3648 40 3748 40 3848 40 3948 40 4048 40 4147 41 4247 41 4346 41 4445 42 4546 41 4647 40 4748 38 4849 37 4950 36 5051 35 5152 34 5253 32 5354 31 5455 30 5556 29 5657 28 5758 27 5859 26 5960 25 6061 24 6162 23 6263 22 6364 21 6465 20 6566 19 6667 18 6768 16 6869 15 6970 14 7071 13 7172 12 7273 10 7374 9 7475 8 7576 7 7677 5 7778 4 7879 2 7980 1
51846d4c96,
0429d9759b,1 4343 4349 96 4456 90 4560 87 4661 87 4762 87 4863 87 4967 84 5074 78 5184 69 5294 60 5401 54 5505 51 5612 45 5716 42 5820 39 5918 42 6013 48
d8b2dc2e8a,12 26 115 24 216 25 318 25 419 27 520 29 620 32 720 35 820 37 921 38 1021 39 1122 40 1222 42 1323 42 1425 42 1526 43 1627 43 1728 44 1830 43 1931 43 2032 44 2133 45 2234 45 2335 45 2436 45 2537 44 2639 42 2740 40 2842 37 2943 36 3045 35 3146 34 3247 34 3348 35 3449 34 3551 33 3651 34 3752 34 3853 34 3954 34 4055 34 4156 33 4257 33 4358 33 4459 33 4561 32 4662 32 4764 31 4866 29 4967 29 5069 27 5170 26 5270 26 5371 25 5471 25 5570 26 5670 26 5770 26 5869 27 5970 26 6070 26 6170 26 6271 25 6372 25 6472 26 6574 25 6675 26 6777 26 6878 27 6979 28 7080 29 7182 29 7283 30 7385 29 7487 29 7589 28 7691 28 7793 28 7895 27 7997 26 8098 25 8199 25 8300 24 8401 24 8502 23 8603 23 8704 23 8805 22 8906 22 9007 22 9109 22 9210 22 9311 22 9412 22 9512 23 9612 24 9712 25 9812 26 9912 27 10012 28 10112 29
962348be7a,6465 1 6566 3 6667 4 6768 5 6869 6 6970 7 7071 7 7172 7 7273 7 7374 7 7475 7 7576 7 7677 7 7778 7 7879 7 7980 7 8081 6 8182 6 8283 6 8384 5 8485 5 8586 4 8687 4 8788 4 8889 4 8990 3 9091 3 9192 3 9293 2 9394 1 9495 1
8d141a0b7a,5455 1 5556 1 5657 2 5758 3 5859 4 5960 5 6061 5 6162 6 6263 7 6364 8 6465 9 6566 10 6667 11 6768 12 6869 13 6970 14 7071 15 7172 16 7273 16 7374 17 7475 18 7576 19 7677 20 7778 21 7879 22 7980 23 8081 24 8182 25 8283 27 8384 28 8485 30 8586 32 8687 34 8788 36 8889 38 8990 41 9091 43 9192 46 9293 48 9394 51 9495 53 9596 55 9697 58 9798 60 9899 61 10000 63 10101 64
fd0d237b01,1 400 405 90 506 83 607 72 708 64 809 57 910 51 1011 48 1112 44 1213 41 1314 35 1415 30 1516 26 1617 21 1718 16 1819 11 1920 10 2021 9 2122 4 2223 2
71d3bf0ea8,3737 1 3838 1 3938 2 4038 3 4139 3 4239 4 4339 5 4440 5 4540 6 4641 6 4741 7 4842 7 4942 8 5043 8 5143 9 5244 9 5345 9 5445 10 5546 10 5646 11 5747 11 5848 11 5948 12 6049 12 6149 13 6250 12 6351 12 6451 13 6552 13 6652 14 6753 14 6854 13 6954 14 7055 14 7155 15 7256 15 7356 16 7457 16 7558 16 7658 16 7758 17 7859 17 7959 18 8060 18 8160 19 8261 18 8361 19 8462 19 8562 20 8662 21 8763 21 8863 21 8964 21 9064 22 9164 23 9265 23 9365 24 9465 24 9565 25 9666 25 9766 26 9866 27 9966 28 10066 29 10166 30
3edc3edf92,8383 1 8483 2 8582 4 8682 5 8782 6 8881 8 8981 9 9080 11 9180 12 9280 13 9379 15 9479 16 9578 18 9678 19 9778 20 9877 22 9977 23 10076 25 10176 26
86c1109730,5459 6 5563 10 5667 14 5771 20 5875 26 5979 34 6083 41 6187 49 6291 57 6395 62 6499 67 6603 64 6707 61 6811 58 6914 56 7018 53 7122 50 7226 47 7329 45 7433 42 7536 40 7639 38 7743 35 7846 33 7949 31 8052 29 8156 26 8259 24 8362 22 8466 19 8569 17 8672 15 8775 13 8878 11 8981 9 9084 7 9186 6 9289 4 9391 3 9493 2 9595 1
b5bdff9392,89 13 196 7 297 7 401 4
4702cdd4f0,76 26 178 25 281 23 384 21 486 20 588 19 690 18 792 17 893 17 995 16 1098 14 1199 14 1300 14 1401 14 1501 15 1601 16 1700 18 1801 18 1905 15 2008 13 2111 11 2213 10 2317 7 2419 6 2522 4 2624 3 2726 2 2827 2 2929 1 3030 1 3131 1
baa743f4b4,40 62 140 63 241 63 342 63 442 64 543 64 644 64 746 63 848 62 950 61 1053 59 1155 58 1258 56 1361 54 1464 52 1568 49 1672 46 1776 43 1880 40 1985 36 2089 33 2195 28 2302 22 2417 8
ac412e6d55,1 1614 1617 95 1718 92 1819 88 1920 82 2021 79 2122 74 2223 70 2324 63 2425 59 2526 54 2627 49 2728 42 2836 22
6493c2cbab,
d538594e14,
a86acaf330,
483b35d589,3839 6363
4b2af55ae6,1 4846 4849 98 4950 97 5051 94 5152 92 5253 90 5355 86 5457 82 5559 78 5661 72 5763 66 5865 63 5968 62 6067 64 6167 64 6281 49 6385 44 6491 38 6596 32 6701 27 6805 24 6907 24 7009 23 7111 23 7213 23 7315 22 7417 22 7519 21 7620 21 7722 20 7823 20 7923 21 8024 21 8125 20 8225 21 8325 22 8426 21 8526 21 8625 22 8725 23 8825 23 8925 23 9025 24 9124 25 9224 24 9323 25 9423 24 9524 24 9624 25 9725 26 9827 25 9930 23 10034 20 10138 16
8c1d0929a2,
d629a56d3c,
c450f9d7f4,1 23 102 23 203 22 304 22 405 22 506 22 607 22 708 21 809 19 910 18 1011 17 1112 17 1213 17 1314 18 1415 18 1516 17 1617 17 1718 16 1819 15 1920 14 2021 13 2122 12 2223 11 2324 10 2425 8 2526 7 2627 6 2728 5 2829 5 2930 5 3031 4 3132 3 3233 2 3334 2 3435 1
40d96e8022,505 1 600 7 693 15 783 26 884 26 982 29 1080 32 1169 44 1268 46 1367 48 1463 53 1561 56 1659 59 1758 61 1851 69 1949 72 2048 74 2144 79 2243 81 2343 82 2438 88 2538 89 2632 96 2732 7470
5ef096aeac,1 26 102 28 203 30 304 31 405 33 506 35 607 37 708 39 809 42 910 46 1011 48 1112 48 1213 47 1314 46 1415 46 1516 47 1617 47 1718 46 1819 45 1920 44 2021 43 2122 43 2223 43 2324 42 2425 42 2526 41 2627 41 2728 42 2829 42 2930 42 3031 43 3132 43 3233 43 3334 43 3435 43 3536 43 3637 43 3738 44 3839 44 3940 45 4041 46 4142 46 4243 47 4344 47 4445 47 4546 47 4647 47 4748 47 4849 47 4950 47 5051 47 5152 47 5253 47 5354 48 5455 49 5556 52 5657 52 5758 49 5859 49 5960 49 6061 48 6162 48 6263 48 6364 48 6465 47 6566 47 6667 47 6768 47 6869 48 6970 48 7071 47 7172 47 7273 47 7374 47 7475 47 7576 46 7677 46 7778 45 7879 45 7980 44 8081 44 8182 47 8283 49 8384 50 8485 50 8586 51 8687 51 8788 51 8889 51 8990 51 9091 51 9192 51 9293 52 9394 53 9495 55 9596 57 9697 58 9798 59 9899 60 10000 61 10101 62
83bb4578eb,1918 2 2012 9 2111 11 2205 18 2298 26 2397 28 2491 35 2580 47 2677 51 2769 60 2867 63 2965 66 3049 83 3148 85 3239 6963
57e0cff707,43 59 145 58 248 56 352 53 454 52 557 50 662 46 764 45 867 43 969 42 1071 41 1174 39 1280 34 1382 33 1484 32 1588 29 1691 27 1794 25 1896 24 2001 20 2104 18 2205 18 2307 17 2408 17 2507 19 2608 19 2709 19 2810 19 2911 19 3014 17 3116 16 3218 15 3319 15 3418 17 3519 17 3623 14 3724 14 3825 14 3927 13 4032 9 4137 5 4242 1 4343 1
96049af037,
4d33311a1e,
de1142326e,
8daa7e48d1,4141 1 4241 2 4342 2 4442 3 4543 3 4643 4 4744 4 4844 5 4945 5 5045 6 5146 6 5246 7 5347 7 5447 8 5547 9 5648 9 5748 10 5849 10 5949 11 6049 12 6150 12 6250 13 6350 14 6451 14 6551 15 6651 16 6752 16 6852 17 6952 18 7052 19 7152 20 7253 20 7353 21 7454 21 7554 22 7655 22 7756 22 7858 21 7959 21 8061 20 8162 20 8264 19 8367 17 8469 16 8572 14 8676 11 8779 9 8883 6 8987 3
7504d73df8,1 4644 4647 97 4748 94 4849 91 4950 88 5051 86 5152 84 5253 81 5354 79 5455 76 5556 74 5657 72 5758 70 5859 67 5960 63 6061 58 6162 53 6263 48 6364 41 6465 34 6566 26 6667 16 6769 5
34b32c5b5d,
960f92cf81,
78f17697f2,1 8585 8587 100 8688 100 8790 99 8891 99 8992 99 9093 99 9194 99 9294 908
0df375dc9c,
0fea4b5049,69 33 170 33 271 33 372 33 472 34 573 34 674 34 775 34 876 34 977 34 1078 34 1179 34 1280 34 1381 34 1482 34 1583 34 1684 34 1785 34 1886 34 1987 34 2087 35 2188 35 2289 35 2390 35 2490 36 2591 36 2692 36 2792 37 2893 37 2993 38 3094 38 3195 38 3295 39 3396 39 3496 40 3597 40 3697 41 3798 41 3898 42 3998 43 4099 43 4199 44 4300 44 4400 45 4500 46 4601 46 4701 47 4801 48 4902 48 5002 49 5102 50 5202 51 5303 51 5403 52 5503 53 5603 54 5703 55 5804 55 5904 56 6004 57 6104 58 6205 58 6305 59 6406 59 6506 60 6607 60 6708 60 6809 60 6910 60 7012 59 7113 59 7215 58 7317 57 7420 55 7522 54 7625 52 7728 41 7771 7 7831 38 7873 6 7934 35 7976 4 8037 32 8079 2 8141 29 8181 1 8244 26 8348 22 8452 19 8556 15 8660 12 8763 10 8867 5 8970 3
8c477d6abf,1 86 102 85 203 85 304 84 405 84 506 83 607 82 708 81 809 81 910 80 1011 79 1112 78 1213 77 1314 77 1415 76 1516 75 1617 74 1718 74 1819 73 1920 72 2021 71 2122 71 2223 70 2324 69 2425 69 2526 68 2627 68 2728 67 2829 67 2930 66 3031 66 3132 65 3233 65 3334 64 3435 64 3536 63 3637 63 3738 62 3839 61 3940 60 4041 59 4142 59 4243 58 4344 57 4445 57 4546 57 4647 57 4748 56 4849 56 4950 56 5051 56 5152 56 5253 56 5354 56 5455 56 5556 57 5657 57 5758 57 5859 57 5960 57 6061 57 6162 57 6263 57 6364 57 6465 57 6566 57 6667 57 6768 57 6869 58 6970 58 7071 58 7172 58 7273 59 7374 59 7475 59 7576 60 7677 60 7778 60 7879 61 7980 61 8081 61 8182 61 8283 61 8384 60 8485 60 8586 59 8687 59 8788 58 8889 57 8990 56 9091 56 9192 56 9293 56 9394 56 9495 56 9596 56 9697 56 9798 56 9899 56 10000 56 10101 56
3cc59342bd,45 57 148 55 250 54 353 52 455 51 558 49 660 48 762 47 864 46 966 45 1068 44 1170 43 1272 42 1374 41 1477 39 1579 38 1684 34 1789 30 1895 23 2001 17
726a0d854d,
216aa6275d,1 71 102 70 203 70 304 69 405 69 506 68 607 68 708 68 809 67 910 67 1011 66 1112 66 1213 65 1314 65 1415 65 1516 64 1617 64 1718 63 1819 63 1920 62 2021 61 2122 61 2223 60 2324 60 2425 59 2526 59 2627 58 2728 58 2829 58 2930 58 3031 58 3132 58 3233 59 3334 59 3435 59 3536 59 3637 59 3738 59 3839 58 3940 58 4041 58 4142 57 4243 57 4344 57 4445 56 4546 56 4647 56 4748 55 4849 55 4950 55 5051 54 5152 54 5253 54 5354 54 5455 54 5556 54 5657 54 5758 55 5859 55 5960 56 6061 56 6162 56 6263 57 6364 57 6465 58 6566 58 6667 59 6768 59 6869 60 6970 60 7071 61 7172 62 7273 62 7374 63 7475 63 7576 64 7677 64 7778 65 7879 65 7980 66 8081 66 8182 67 8283 67 8384 68 8485 69 8586 69 8687 70 8788 71 8889 71 8990 72 9091 72 9192 75 9293 76 9394 77 9495 78 9596 78 9697 79 9798 80 9899 80 10000 81 10101 82
8ddaea54ce,42 60 140 63 240 64 338 67 441 65 542 65 643 65 743 66 843 67 943 68 1042 70 1141 72 1239 75 1337 78 1435 81 1534 83 1635 83 1735 84 1836 84 1937 84 2037 85 2138 85 2238 86 2337 88 2437 89 2536 91 2635 93 2731 7471
f342603c76,
f456e3161d,3836 3 3932 8 4029 12 4127 15 4225 18 4324 19 4423 19 4521 19 4619 19 4715 21 4811 24 4908 27 5005 29 5102 32 5198 35 5294 37 5387 42 5478 49 5568 56 5660 63 5758 64 5859 62 5960 58 6061 53 6162 47 6263 42 6364 36 6465 32 6566 27 6667 24 6768 22 6869 21 6970 19 7071 16 7172 15 7273 13 7374 13 7475 12 7576 13 7676 15 7774 19 7873 21 7972 25 8073 26 8173 28 8275 27 8376 27 8474 31 8572 35 8672 36 8773 14 8788 19 8874 14 8889 18 8974 15 8990 17 9075 15 9091 16 9175 16 9192 16 9276 15 9293 15 9377 15 9394 13 9477 15 9495 11 9578 15 9596 9 9679 13 9697 8 9781 11 9798 6 9881 11 9899 5 9982 10 10000 3 10081 11 10101 2 10181 11
86fe531971,
b57e98a275,977 4 1076 8 1176 10 1275 12 1374 14 1475 14 1575 15 1675 15 1776 14 1878 12 1979 11 2081 9 2184 6 2287 3
71438f26ec,1 4242 4263 81 4406 39
d800abe6a4,1 1344 1346 100 1448 99 1550 98 1651 98 1753 96 1855 95 1957 93 2058 93 2160 91 2262 90 2364 88 2465 87 2567 86 2663 3 2668 85 2763 4 2770 83 2863 5 2871 83 2963 6 2973 81 3063 7 3074 80 3163 8 3175 79 3263 9 3276 79 3363 10 3378 77 3463 11 3479 76 3563 12 3580 76 3664 12 3681 76 3765 12 3782 75 3865 13 3883 75 3966 13 3984 75 4066 14 4086 74 4166 15 4187 73 4266 16 4288 73 4366 17 4389 73 4466 18 4490 73 4566 19 4592 71 4665 21 4693 94 4794 93 4895 93 4996 93 5097 93 5199 91 5300 91 5401 91 5502 90 5603 90 5704 89 5805 89 5906 88 6008 86 6109 86 6210 85 6311 84 6412 84 6513 83 6613 84 6714 83 6815 83 6916 82 7017 82 7118 82 7219 82 7319 83 7420 83 7521 83 7622 83 7723 84 7824 84 7924 86 8025 86 8126 87 8227 87 8328 87 8428 89 8529 89 8630 89 8730 91 8831 91 8932 91 9032 92 9133 93 9233 94 9334 94 9434 95 9535 96 9635 97 9735 98 9836 98 9936 99 10036 99 10137 65
51b639314d,
a7b918d80e,505 1 606 1 707 1 808 1 909 1 1009 2 1110 2 1211 2 1312 2 1413 2 1514 2 1615 2 1715 3 1816 3 1917 3 2017 4 2118 4 2218 5 2319 5 2419 6 2520 6 2620 7 2720 8 2821 8 2922 8 3022 9 3123 9 3224 9 3324 10 3425 10 3526 10 3627 10 3728 10 3829 10 3930 10 4031 10 4131 11 4232 11 4333 11 4434 11 4534 12 4635 12 4736 12 4836 13 4937 13 5038 13 5139 13 5239 14 5340 14 5441 14 5542 14 5642 15 5743 15 5844 15 5944 16 6045 16 6146 16 6246 17 6347 17 6448 17 6548 18 6649 18 6750 18 6850 19 6951 19 7052 19 7152 20 7253 20 7353 21 7454 21 7554 22 7655 22 7755 23 7856 23 7956 24 8057 24 8157 25 8257 26 8358 26 8458 27 8558 28 8659 28 8760 28 8860 29 8962 28 9064 27 9167 25 9271 22 9375 19 9480 15 9586 10 9692 5
f0c401b64b,1 5050
a93c251217,
c613a090a4,53 49 154 49 256 48 357 48 459 47 561 46 662 46 764 45 865 45 967 44 1069 43 1171 42 1273 41 1374 41 1476 40 1578 39 1680 38 1781 38 1883 37 1985 36 2086 36 2188 35 2289 35 2390 35 2492 34 2593 34 2694 34 2795 34 2897 33 2998 33 3100 32 3201 32 3302 32 3404 31 3505 31 3607 30 3708 30 3810 29 3911 29 4013 28 4114 28 4215 28 4317 27 4418 27 4519 27 4621 26 4722 26 4823 26 4925 25 5026 25 5128 24 5229 24 5331 23 5432 23 5533 23 5635 22 5736 22 5838 21 5939 21 6040 21 6141 21 6243 20 6344 20 6445 20 6546 20 6647 20 6748 20 6849 20 6950 20 7051 20 7152 20 7253 20 7354 20 7455 20 7556 20 7657 20 7758 20 7859 20 7960 20 8061 20 8162 20 8263 20 8364 20 8465 20 8566 20 8667 20 8768 20 8869 20 8970 20 9071 20 9172 20 9273 20 9374 20 9474 21 9575 21 9676 21 9776 22 9877 22 9977 23 10078 23 10179 23
d765e53b37,2526 2 2627 10 2728 18 2829 26 2930 32 3031 42 3132 47 3233 53 3334 59 3435 63 3536 66 3637 70 3738 73 3839 76 3940 81 4041 86 4142 91 4243 97 4344 5858
c9da9c3d42,1 5751 5758 90 5859 85 5960 80 6061 74 6162 67 6263 61 6364 54 6465 46 6566 39 6667 33 6768 25 6869 17 6970 8
dfc8a378b7,3536 10 3637 17 3738 21 3839 23 3940 24 4041 22 4142 19 4243 15 4344 12 4445 8 4546 6 4647 5 4748 5 4849 7 4950 10 5051 15 5152 20 5253 26 5354 33 5455 40 5556 46 5657 53 5758 59 5859 66 5960 72 6061 79 6162 86 6263 93 6364 100 6465 3737
e5a22d144d,
f4e6928ad4,2322 2 2420 5 2517 9 2614 13 2712 16 2810 19 2909 21 3010 21 3113 19 3217 16 3322 12 3427 8 3532 4
9385125b12,
c901f669f8,5455 2 5556 5 5657 6 5758 8 5859 9 5960 10 6061 10 6162 10 6263 9 6364 9 6465 8 6566 8 6667 7 6768 7 6869 7 6970 8 7071 8 7172 9 7273 9 7374 10 7475 11 7576 11 7677 12 7778 12 7879 13 7980 13 8081 14 8182 14 8283 14 8384 14 8485 15 8586 15 8687 15 8788 16 8889 16 8990 16 9091 16 9192 17 9293 17 9394 17 9495 17 9596 18 9697 18 9798 18 9899 18 10000 19 10101 19
89dfb7ba1d,3943 98 4044 98 4145 4441 8589 98 8693 95 8794 95 8898 92 8999 92 9100 92 9201 92 9305 89 9406 89 9504 92 9605 92 9706 92 9807 92 9908 92 10006 95 10107 95
6b996daecc,71 31 172 31 273 31 374 31 474 32 574 33 673 35 773 36 874 36 975 36 1076 36 1176 37 1277 37 1378 37 1478 38 1579 38 1680 38 1781 38 1882 38 1982 39 2083 39 2185 38 2286 38 2387 38 2489 37 2590 37 2692 36 2793 36 2894 36 2995 36 3096 36 3197 36 3297 37 3398 37 3498 38 3598 39 3698 40 3798 41 3899 41 4000 41 4101 26 4128 14 4201 26 4230 13 4301 25 4331 13 4400 25 4432 13 4500 25 4533 13 4601 23 4633 14 4701 22 4733 15 4801 21 4834 15 4901 21 4934 16 5002 19 5034 17 5104 16 5134 18 5205 15 5234 19 5306 13 5334 20 5407 11 5433 22 5508 9 5532 24 5609 7 5632 25 5710 5 5731 27 5811 2 5831 28 5930 30 6030 31 6130 32 6206 3 6230 33 6305 2 6331 33 6431 34 6532 34 6633 34 6733 35 6834 35 6934 36 7033 38 7133 39 7233 40 7333 41 7432 43 7532 41 7632 40 7732 39 7832 38 7932 38 8033 37 8133 37 8233 37 8333 37 8433 37 8533 37 8632 38 8731 39 8831 39 8930 40 9029 40 9129 38 9229 36 9329 35 9430 32 9531 31 9632 29 9733 29 9835 27 9936 27 10038 26 10140 24
13037dfbb2,1 14 102 12 203 11 304 9 405 9 506 8 607 8 708 8 809 7 910 7 1011 6 1112 4 1213 1
b74ecdfe20,4228 6 4326 10 4427 16 4527 19 4628 19 4729 19 4830 19 4931 19 5032 19 5133 19 5234 19 5336 18 5437 18 5539 17 5640 17 5741 17 5842 17 5943 17 6044 17 6142 20 6241 22 6342 22 6443 22 6546 20 6648 19 6751 17 6853 16 6956 14 7058 13 7161 11 7263 10 7365 9 7466 9 7567 9 7668 9 7769 9 7870 9 7971 9 8072 9 8173 9 8273 10 8373 11 8472 13 8571 15 8671 16 8770 18 8869 20 8968 22 9067 24 9166 26 9265 28 9364 30 9463 32 9563 33 9662 35 9762 36 9862 37 9962 38 10063 38 10163 39
eabed5b2b4,
c78c89577c,101 1
e2f397d206,11 91 114 89 217 87 320 85 423 83 525 82 628 80 732 77 835 75 940 71 1045 67 1151 62 1256 58 1361 54 1465 51 1569 48 1672 46 1775 44 1878 42 1981 40 2083 39 2185 38 2288 36 2391 34 2493 33 2597 30 2700 28 2806 23 2911 19 3017 14 3122 10 3228 5 3333 1
75c554378e,
e446b0b4b6,606 1 705 3 805 4 904 6 1003 8 1103 9 1203 10 1302 12 1402 13 1501 15 1601 16 1701 17 1801 18 1900 20 2000 21 2100 22 2200 23 2300 23 2400 23 2500 22 2600 22 2700 22 2800 21 2900 21 3000 21 3100 21 3200 21 3300 20 3400 20 3500 20 3600 20 3700 20 3800 20 3900 20 4000 20 4100 20 4200 20 4300 19 4400 19 4500 19 4600 19 4700 19 4801 18 4901 18 5001 18 5100 18 5200 18 5300 17 5399 17 5499 17 5599 16 5698 17 5798 16 5897 16 5997 15 6096 15 6195 15 6294 15 6393 15 6493 14 6592 14 6691 14 6790 14 6889 13 6988 13 7087 13 7186 13 7285 13 7384 13 7483 13 7583 12 7682 13 7781 13 7881 13 7980 13 8081 11 8182 9 8283 9 8384 8 8485 7 8586 6 8687 6 8788 5 8889 4 8990 3 9091 3 9192 3 9293 3 9394 3 9495 3 9596 3 9697 2 9798 2 9899 2 10000 3 10101 3
203f6117be,2220 3 2312 12 2407 18 2499 27 2591 36 2683 45 2772 57 2864 66 2953 78 3045 87 3137 7065
7e737a6cc6,6364 1 6465 1 6566 1 6667 1 6768 3 6869 4 6970 5 7071 7 7172 8 7273 9 7374 9 7475 8 7576 8 7677 8 7778 9 7879 10 7980 12 8081 14 8182 15 8283 17 8384 21 8485 23 8586 25 8687 28 8788 31 8889 35 8990 41 9091 46 9192 48 9293 49 9394 50 9495 51 9596 52 9697 53 9798 53 9899 54 10000 55 10101 55
1efe1909ed,
1825fadf99,
106a222c7c,4211 23 4313 25 4414 29 4515 31 4616 31 4717 31 4818 31 4919 31 5020 31 5120 32 5221 32 5322 32 5422 33 5523 31 5623 29 5724 26 5824 23 5925 18 6026 13 6126 9 6227 4 6262 1 6361 3 6460 5 6559 7 6658 9 6759 9 6859 10 6959 11 7060 11 7161 11 7262 11 7364 10 7465 10 7567 9 7669 8 7771 7 7873 6 7976 4 8078 3 8181 1
691dc0bc42,1 5837 5841 95 5948 87 6057 76 6162 70 6263 67 6364 65 6465 62 6566 60 6667 57 6768 55 6869 52 6970 50 7071 47 7172 45 7273 42 7374 40 7475 37 7576 35 7677 33 7778 30 7879 28 7980 26 8081 24 8182 23 8283 21 8384 19 8485 17 8586 15 8687 13 8788 10 8889 8 8990 5 9091 3
cc4344175e,53 49 153 50 253 51 354 51 454 52 556 51 657 51 761 48 866 44 972 39 1079 33 1188 25 1299 15 1413 2
19e749d0b1,
e875c9a960,1 61 102 61 203 64 304 65 405 67 506 69 607 70 708 71 809 71 910 72 1011 73 1112 74 1213 74 1314 74 1415 74 1516 73 1617 73 1718 73 1819 71 1920 70 2021 71 2122 71 2223 71 2324 71 2425 71 2526 71 2627 71 2728 72 2829 73 2930 73 3031 73 3132 73 3233 75 3334 76 3435 78 3536 79 3637 79 3738 79 3839 79 3940 79 4041 79 4142 80 4243 80 4344 79 4445 79 4546 76 4647 76 4748 76 4849 76 4950 79 5051 79 5152 80 5253 82 5354 82 5455 82 5556 84 5657 85 5758 86 5859 86 5960 87 6061 88 6162 89 6263 90 6364 91 6465 92 6566 92 6667 93 6768 94 6869 95 6970 95 7071 95 7172 95 7273 94 7374 94 7475 94 7576 94 7677 94 7778 93 7879 92 7980 92 8081 92 8182 92 8283 92 8384 92 8485 93 8586 94 8687 95 8788 96 8889 97 8990 98 9091 99 9192 100 9293 100 9394 100 9495 100 9596 100 9697 100 9798 100 9899 100 10000 202
d7cf3bf4e9,17 85 119 84 220 84 321 84 422 84 523 84 624 84 726 83 831 79 933 78 1034 78 1135 78 1237 77 1338 77 1441 75 1542 75 1644 74 1746 73 1847 73 1948 73 2047 75 2146 77 2247 77 2347 78 2447 79 2548 79 2649 79 2750 79 2852 78 2954 77 3056 76 3157 76 3258 76 3359 76 3460 76 3561 76 3662 76 3763 76 3864 76 3965 76 4067 75 4169 74 4271 73 4372 73 4473 73 4573 74 4672 76 4772 77 4872 78 4973 78 5073 79 5173 80 5274 80 5375 80 5476 80 5577 80 5678 80 5779 80 5880 80 5981 80 6082 80 6183 80 6283 81 6384 81 6484 82 6585 82 6686 82 6787 82 6888 82 6987 84 7086 86 7187 86 7287 87 7388 87 7490 86 7591 86 7692 86 7793 86 7894 86 7995 86 8094 88 8189 94 8290 94 8391 94 8492 94 8594 93 8695 93 8797 92 8899 91 9000 91 9101 91 9202 91 9306 88 9409 86 9510 86 9612 85 9713 85 9814 85 9916 84 10019 82 10120 82
5aa0015d15,
ee5e9e4570,1 3333 3335 100 3438 98 3541 96 3643 95 3746 93 3849 91 3951 90 4054 88 4157 86 4259 85 4362 83 4465 81 4567 80 4670 78 4773 76 4876 74 4979 72 5082 70 5184 69 5287 67 5390 65 5494 62 5597 60 5701 57 5805 54 5909 51 6013 48 6117 45 6221 42 6326 38 6430 35 6534 32 6638 29 6742 26 6846 23 6949 21 7053 18 7156 16 7260 13 7363 11 7466 9 7569 7 7673 4 7777 1
849881c690,607 9595
d7398cfded,1 1008 1011 94 1112 89 1213 85 1314 81 1415 77 1516 73 1617 69 1718 65 1819 62 1920 58 2021 55 2122 52 2223 49 2324 46 2425 42 2526 39 2627 36 2728 33 2829 31 2930 28 3031 25 3132 23 3233 20 3334 18 3435 15 3536 13 3637 11 3738 9 3839 7 3940 4 4041 3 4142 1 4849 1 4950 1 5051 1 5152 1 5253 2 5354 2 5455 2 5556 2 5657 2 5758 2 5859 3 5960 3 6061 4 6162 4 6263 5 6364 5 6465 5 6566 6 6667 6 6768 6 6869 6 6970 6 7071 6 7172 6 7273 6 7374 6 7475 6 7576 6 7677 6 7778 6 7879 6 7980 6 8081 9 8182 11 8283 13 8384 15 8485 17 8586 18 8687 20 8788 21 8889 23 8990 24 9091 25 9192 26 9293 27 9394 27 9495 28 9596 29 9697 29 9798 29 9899 30 10000 30 10101 30
042c3d4e03,9495 1 9596 3 9697 5 9798 8 9899 10 10000 13 10101 15
8c976149d0,1 8 102 8 203 7 304 6 405 6 506 5 607 4 708 2 809 1
9d173ec22a,41 61 145 58 249 55 350 55 451 55 552 55 656 52 757 52 858 52 962 49 1066 46 1167 46 1274 40 1378 37 1482 34 1586 31 1687 31 1791 28 1892 28 1993 28 2094 28 2195 28 2296 28 2400 25 2504 22 2608 19 2709 19 2813 16 2917 13 3021 10 3122 10 3226 7 3330 4 3431 4 3535 1 3636 1
8c88cf3d22,
fba91bfec8,
82e88d973f,
c1c54ad4ba,
395e668f22,
4848a3a509,
d9fb5b47e2,78 24 178 25 278 26 378 27 479 27 579 28 680 28 780 29 881 29 981 30 1082 30 1182 31 1283 31 1384 31 1484 32 1585 32 1686 32 1787 32 1887 33 1988 33 2089 33 2190 33 2290 34 2391 34 2492 34 2593 34 2694 34 2794 35 2895 35 2996 35 3097 35 3198 35 3299 35 3400 35 3501 35 3602 35 3703 35 3804 35 3905 35 4006 35 4107 35 4208 35 4310 34 4411 34 4512 34 4614 33 4715 33 4817 32 4918 32 5020 31 5121 31 5223 30 5325 29 5427 28 5528 28 5630 27 5732 26 5833 26 5935 25 6037 24 6138 24 6240 23 6342 22 6444 21 6546 20 6648 19 6750 18 6852 17 6954 16 7057 14 7159 13 7261 12 7364 10 7466 9 7568 8 7671 6 7773 5 7876 3 7978 2 8080 1
4985566e7d,
a554d2d4a3,
a4e8ba21d1,2016 5 2105 17 2197 26 2286 38 2381 44 2473 53 2568 59 2663 65 2761 68 2859 71 2954 77 3052 80 3147 86 3245 89 3346 89 3447 89 3545 92 3643 95 3747 92 3845 95 3946 95 4047 95 4148 95 4249 95 4350 95 4448 98 4549 5653
401b591c07,
79fed5a697,
9736389261,
2717821409,74 28 174 29 273 31 372 33 470 36 568 39 666 42 764 45 861 49 959 52 1058 54 1156 57 1253 61 1347 68 1439 77 1531 86 1624 94 1719 2524 4244 100 4349 96 4451 95 4554 93 4657 91 4759 90 4862 88 4965 86 5067 85 5168 85 5270 84 5372 83 5473 83 5575 82 5677 81 5780 79 5882 78 5984 77 6085 77 6186 77 6285 79 6385 79 6484 78 6583 78 6683 77 6784 74 6886 72 6988 69 7090 66 7190 66 7290 67 7388 70 7485 74 7579 82 7677 85 7778 85 7879 85 7980 85 8081 85 8182 84 8283 83 8384 81 8485 79 8586 78 8687 77 8788 76 8889 75 8990 74 9091 73 9192 72 9293 71 9394 69 9495 67 9596 66 9697 66 9798 65 9899 65 10000 65 10101 65
ccd6841e90,
8e13060816,
24f27c4087,1 10 102 11 203 12 304 13 405 14 506 15 607 16 708 16 809 17 910 17 1011 17 1112 18 1213 18 1314 18 1415 18 1516 17 1617 17 1718 17 1819 16 1920 16 2021 15 2122 15 2223 15 2325 13 2428 11 2531 9 2635 6 2738 4
a9df598e16,
5a3c38104c,1408 7 1503 13 1598 19 1693 25 1788 31 1886 34 1984 37 2085 37 2186 37 2287 37 2385 40 2486 40 2584 43 2685 43 2786 43 2887 43 2988 43 3089 43 3190 43 3291 43 3392 43 3493 43 3591 46 3692 46 3793 46 3894 46 3995 46 4096 46 4197 46 4298 46 4399 46 4500 46 4601 46 4702 46 4800 49 4901 49 5002 49 5103 49 5204 49 5308 46 5412 43 5513 43 5614 43 5718 40 5819 40 5920 40 6021 40 6122 40 6226 37 6327 37 6428 37 6526 40 6624 43 6725 43 6823 46 6924 46 7025 46 7129 43 7230 43 7331 43 7435 40 7536 40 7637 40 7741 37 7842 37 7943 37 8041 40 8145 37 8246 37 8350 34 8448 37 8549 37 8647 40 8748 40 8849 40 8953 37 9054 37 9158 34 9259 34 9363 31 9464 31 9565 31 9669 28 9770 28 9871 28 9975 25 10076 25 10180 22
a0ea88f6a5,
299ba3cf34,1 52 102 53 203 55 304 55 405 55 506 55 607 57 708 57 809 58 910 59 1011 59 1112 57 1213 50 1314 48 1415 47 1516 46 1617 46 1718 45 1819 45 1920 45 2021 45 2122 45 2223 43 2324 41 2425 41 2526 39 2627 37 2728 37 2829 37 2930 35 3031 35 3132 37 3233 37 3334 37 3435 38 3536 38 3637 39 3738 39 3839 38 3940 37 4041 36 4142 36 4243 35 4344 35 4445 36 4546 37 4647 38 4748 39 4849 40 4950 41 5051 41 5152 42 5253 43 5354 43 5455 43 5556 43 5657 43 5758 43 5859 43 5960 44 6061 44 6162 44 6263 45 6364 45 6465 47 6566 47 6667 48 6768 48 6869 49 6970 49 7071 50 7172 50 7273 52 7374 55 7475 57 7576 59 7677 59 7778 59 7879 59 7980 59 8081 58 8182 57 8283 57 8384 57 8485 58 8586 59 8687 59 8788 59 8889 58 8990 58 9091 57 9192 57 9293 59 9394 61 9495 67 9596 73 9697 75 9798 75 9899 75 10000 75 10101 75
82c340f4e5,1 45 70 77 170 77 270 77 370 78 469 79 569 79 669 80 769 80 868 81 968 81 1068 81 1168 82 1268 82 1367 83 1467 84 1567 84 1667 84 1767 85 1867 85 1967 86 2067 87 2167 87 2267 88 2367 89 2467 90 2567 90 2667 91 2767 93 2868 93 2969 93 3070 93 3170 94 3271 63 3335 31 3372 63 3436 31 3473 63 3537 31 3574 63 3638 31 3675 63 3739 31 3776 63 3840 31 3877 63 3941 31 3978 63 4042 30 4080 62 4143 30 4181 62 4244 29 4283 61 4346 27 4384 61 4447 26 4486 60 4548 25 4588 59 4650 23 4690 58 4751 21 4791 58 4854 18 4893 57 4957 14 4995 56 5061 9 5096 56 5166 3 5198 55 5299 55 5400 55 5502 54 5603 54 5703 55 5804 55 5905 55 6005 56 6106 56 6206 57 6307 57 6407 58 6508 58 6608 59 6708 60 6808 61 6909 61 7009 62 7108 64 7206 67 7306 68 7386 3 7405 70 7484 7 7506 70 7583 9 7607 70 7683 10 7708 70 7782 12 7809 70 7882 13 7910 70 7981 15 8012 85 8114 84 8216 82 8318 81 8420 80 8522 79 8623 80 8724 81 8825 83 8925 86 9025 91 9125 95 9224 978
4be85a3110,10100 1 10200 2
